<?xml version="1.0" encoding="UTF-8"?>
<metadata><Esri><CreaDate>20140918</CreaDate><CreaTime>12440300</CreaTime><SyncOnce>FALSE</SyncOnce><SyncDate>20140918</SyncDate><SyncTime>12433600</SyncTime><ModDate>20140918</ModDate><ModTime>12433600</ModTime><DataProperties><lineage><Process ToolSource="D:\Program Files\ArcGIS\ArcToolbox\Toolboxes\Data Management Tools.tbx\CopyFeatures" Date="20110222" Time="135351" Name="" export="">CopyFeatures R:\latest\shapes\ZCC\ZCCdraftbase.mdb\Zoning\Zoning_Poly "R:\latest\shapes\ZCC\New File Geodatabase.gdb\Zoning_Poly" # 0 0 0</Process><Process ToolSource="D:\Program Files\ArcGIS\Desktop10.0\ArcToolbox\Toolboxes\Data Management Tools.tbx\CalculateField" Date="20110517" Time="135944" Name="" export="">CalculateField Zoning_Poly CODE RSA5 VB #</Process><Process ToolSource="d:\program files\arcgis\desktop10.0\ArcToolbox\Toolboxes\Data Management Tools.tbx\AssignDomainToField" Date="20120509" Time="121557" Name="" export="">AssignDomainToField R:\latest\shapes\ZCC\ZCCdraftbase.gdb\Zoning_Poly Long_Code NewCode #</Process><Process ToolSource="d:\program files\arcgis\desktop10.0\ArcToolbox\Toolboxes\Data Management Tools.tbx\AssignDomainToField" Date="20120509" Time="122229" Name="" export="">AssignDomainToField R:\latest\shapes\ZCC\ZCCdraftbase.gdb\Zoning_Poly CODE NewCodeNoDash #</Process><Process ToolSource="d:\program files\arcgis\desktop10.0\ArcToolbox\Toolboxes\Data Management Tools.tbx\RemoveDomainFromField" Date="20120509" Time="122615" Name="" export="">RemoveDomainFromField R:\latest\shapes\ZCC\ZCCdraftbase.gdb\Zoning_Poly CODE #</Process><Process ToolSource="d:\program files\arcgis\desktop10.0\ArcToolbox\Toolboxes\Data Management Tools.tbx\AssignDomainToField" Date="20120509" Time="122644" Name="" export="">AssignDomainToField R:\latest\shapes\ZCC\ZCCdraftbase.gdb\Zoning_Poly CODE NewCodeNoDash #</Process><Process ToolSource="d:\program files\arcgis\desktop10.0\ArcToolbox\Toolboxes\Data Management Tools.tbx\RemoveDomainFromField" Date="20120509" Time="123024" Name="" export="">RemoveDomainFromField R:\latest\shapes\ZCC\ZCCdraftbase.gdb\Zoning_Poly CODE #</Process><Process ToolSource="d:\program files\arcgis\desktop10.0\ArcToolbox\Toolboxes\Data Management Tools.tbx\AssignDomainToField" Date="20120509" Time="123048" Name="" export="">AssignDomainToField R:\latest\shapes\ZCC\ZCCdraftbase.gdb\Zoning_Poly CODE NewCodeNoDash #</Process><Process ToolSource="d:\program files\arcgis\desktop10.0\ArcToolbox\Toolboxes\Data Management Tools.tbx\RemoveDomainFromField" Date="20120509" Time="124706" Name="" export="">RemoveDomainFromField R:\latest\shapes\ZCC\ZCCdraftbase.gdb\Zoning_Poly CODE #</Process><Process ToolSource="d:\program files\arcgis\desktop10.0\ArcToolbox\Toolboxes\Data Management Tools.tbx\AssignDomainToField" Date="20120509" Time="124711" Name="" export="">AssignDomainToField R:\latest\shapes\ZCC\ZCCdraftbase.gdb\Zoning_Poly CODE NewCodeNoDash #</Process><Process ToolSource="d:\program files\arcgis\desktop10.0\ArcToolbox\Toolboxes\Data Management Tools.tbx\RemoveDomainFromField" Date="20120509" Time="130140" Name="" export="">RemoveDomainFromField R:\latest\shapes\ZCC\ZCCdraftbase.gdb\Zoning_Poly CODE #</Process><Process ToolSource="d:\program files\arcgis\desktop10.0\ArcToolbox\Toolboxes\Data Management Tools.tbx\AssignDomainToField" Date="20120509" Time="132337" Name="" export="">AssignDomainToField R:\latest\shapes\ZCC\ZCCdraftbase.gdb\Zoning_Poly CODE NewCodeNoDash #</Process><Process ToolSource="d:\program files\arcgis\desktop10.0\ArcToolbox\Toolboxes\Data Management Tools.tbx\CalculateField" Date="20120510" Time="093606" Name="" export="">CalculateField Zoning_Poly ZoningGroup "Residential/Residential Mixed-Use" VB #</Process><Process ToolSource="d:\program files\arcgis\desktop10.0\ArcToolbox\Toolboxes\Data Management Tools.tbx\CalculateField" Date="20120510" Time="093703" Name="" export="">CalculateField Zoning_Poly ZoningGroup "Commercial/Commercial Mixed-Use" VB #</Process><Process ToolSource="d:\program files\arcgis\desktop10.0\ArcToolbox\Toolboxes\Data Management Tools.tbx\CalculateField" Date="20120510" Time="094009" Name="" export="">CalculateField Zoning_Poly ZoningGroup "Industrial/Industrial Mixed-Use" VB #</Process><Process ToolSource="d:\program files\arcgis\desktop10.0\ArcToolbox\Toolboxes\Data Management Tools.tbx\CalculateField" Date="20120510" Time="094048" Name="" export="">CalculateField Zoning_Poly ZoningGroup "Special Purpose" VB #</Process><Process ToolSource="d:\program files\arcgis\desktop10.0\ArcToolbox\Toolboxes\Data Management Tools.tbx\AssignDomainToField" Date="20120510" Time="094655" Name="" export="">AssignDomainToField R:\latest\shapes\ZCC\ZCCdraftbase.gdb\Zoning_Poly ZoningGroup NewCodeZoningGroup #</Process><Process ToolSource="d:\program files\desktop10.1\ArcToolbox\Toolboxes\Data Management Tools.tbx\AssignDomainToField" Date="20130204" Time="113211" Name="" export="">AssignDomainToField R:\latest\shapes\ZCC\ZCCdraftbase.gdb\Zoning_Poly Pending Pending #</Process><Process ToolSource="d:\program files\desktop10.1\ArcToolbox\Toolboxes\Data Management Tools.tbx\AssignDomainToField" Date="20130204" Time="113411" Name="" export="">AssignDomainToField R:\latest\shapes\ZCC\ZCCdraftbase.gdb\Zoning_Poly Pending Pending #</Process><Process ToolSource="d:\program files\desktop10.1\ArcToolbox\Toolboxes\Data Management Tools.tbx\AddField" Date="20130204" Time="114259" Name="" export="">AddField R:\latest\shapes\ZCC\ZCCdraftbase.gdb\Zoning_Poly Pending TEXT # # 10 # NULLABLE NON_REQUIRED Pending</Process><Process ToolSource="d:\program files\desktop10.1\ArcToolbox\Toolboxes\Data Management Tools.tbx\AssignDomainToField" Date="20130204" Time="114503" Name="" export="">AssignDomainToField R:\latest\shapes\ZCC\ZCCdraftbase.gdb\Zoning_Poly Pending Pending #</Process><Process ToolSource="d:\program files\desktop10.1\ArcToolbox\Toolboxes\Data Management Tools.tbx\DeleteField" Date="20130204" Time="115939" Name="" export="">DeleteField R:\latest\shapes\ZCC\ZCCdraftbase.gdb\Zoning_Poly Pending</Process><Process ToolSource="d:\program files\desktop10.1\ArcToolbox\Toolboxes\Data Management Tools.tbx\AssignDomainToField" Date="20130204" Time="131701" Name="" export="">AssignDomainToField R:\latest\shapes\ZCC\ZCCdraftbase.gdb\Zoning_Poly Pending Pending #</Process><Process ToolSource="d:\program files\desktop10.1\ArcToolbox\Toolboxes\Data Management Tools.tbx\AddField" Date="20130204" Time="143510" Name="" export="">AddField R:\latest\shapes\ZCC\ZCCdraftbase.gdb\Zoning_Poly Pending TEXT # # 10 # NULLABLE NON_REQUIRED Pending</Process><Process ToolSource="d:\program files\desktop10.1\ArcToolbox\Toolboxes\Data Management Tools.tbx\CalculateField" Date="20130204" Time="145330" Name="" export="">CalculateField Zoning_Poly Pending "No" VB #</Process><Process ToolSource="d:\program files\desktop10.1\ArcToolbox\Toolboxes\Data Management Tools.tbx\CalculateField" Date="20130411" Time="111353" Name="" export="">CalculateField Zoning_Poly PendingBill "N/A" VB #</Process><Process ToolSource="d:\program files\desktop10.1\ArcToolbox\Toolboxes\Data Management Tools.tbx\CalculateField" Date="20130416" Time="103500" Name="" export="">CalculateField Zoning_Poly PendingBillURL "N/A" VB #</Process><Process ToolSource="d:\program files\desktop10.1\ArcToolbox\Toolboxes\Conversion Tools.tbx\FeatureClassToFeatureClass" Date="20130603" Time="110034" Name="" export="">FeatureClassToFeatureClass R:\latest\shapes\ZCC\ZCCdraftbase.gdb\Zoning_Poly "Database Connections\geodb2_planning.sde" Zoning_BaseDistricts_rev # "CODE "CODE" true true false 8 Text 0 0 ,First,#,R:\latest\shapes\ZCC\ZCCdraftbase.gdb\Zoning_Poly,CODE,-1,-1;CITYCOR "CITYCOR" true true false 2 Short 0 0 ,First,#,R:\latest\shapes\ZCC\ZCCdraftbase.gdb\Zoning_Poly,CITYCOR,-1,-1;Shape_Length "Shape_Length" false true true 8 Double 0 0 ,First,#,R:\latest\shapes\ZCC\ZCCdraftbase.gdb\Zoning_Poly,Shape_Length,-1,-1;Shape_Area "Shape_Area" false true true 8 Double 0 0 ,First,#,R:\latest\shapes\ZCC\ZCCdraftbase.gdb\Zoning_Poly,Shape_Area,-1,-1;Long_Code "Long_Code" true true false 10 Text 0 0 ,First,#,R:\latest\shapes\ZCC\ZCCdraftbase.gdb\Zoning_Poly,Long_Code,-1,-1;ZoningGroup "ZoningGroup" true true false 50 Text 0 0 ,First,#,R:\latest\shapes\ZCC\ZCCdraftbase.gdb\Zoning_Poly,ZoningGroup,-1,-1;Pending "Pending" true true false 10 Text 0 0 ,First,#,R:\latest\shapes\ZCC\ZCCdraftbase.gdb\Zoning_Poly,Pending,-1,-1;PendingBill "PendingBill" true true false 15 Text 0 0 ,First,#,R:\latest\shapes\ZCC\ZCCdraftbase.gdb\Zoning_Poly,PendingBill,-1,-1;PendingBillURL "PendingBillURL" true true false 175 Text 0 0 ,First,#,R:\latest\shapes\ZCC\ZCCdraftbase.gdb\Zoning_Poly,PendingBillURL,-1,-1" #</Process><Process ToolSource="E:\ArcGIS\Desktop10.0\ArcToolbox\Toolboxes\Data Management Tools.tbx\ChangePrivileges" Date="20130603" Time="153944" Name="" export="">ChangePrivileges 'Database Connections\dc_gis_gis_planning.sde\GIS_PLANNING.Zoning_BaseDistricts_rev' sde_viewer GRANT #</Process><Process ToolSource="E:\ArcGIS\Desktop10.0\ArcToolbox\Toolboxes\Data Management Tools.tbx\ChangePrivileges" Date="20130603" Time="154457" Name="" export="">ChangePrivileges 'Database Connections\dc_gis_gis_planning.sde\GIS_PLANNING.Zoning_Overlays_rev';'Database Connections\dc_gis_gis_planning.sde\GIS_PLANNING.Zoning_BaseDistricts_rev' sde_viewer GRANT #</Process><Process ToolSource="D:\Program Files (x86)\ArcGIS\Desktop10.0\ArcToolbox\Toolboxes\Data Management Tools.tbx\DeleteRows" Date="20130612" Time="180242" Name="" export="">DeleteRows "Database Connections\DC-GIS-gis_planning.sde\GIS_PLANNING.Zoning_BaseDistricts"</Process><Process ToolSource="D:\Program Files (x86)\ArcGIS\Desktop10.0\ArcToolbox\Toolboxes\Data Management Tools.tbx\Append" Date="20130612" Time="180337" Name="" export="">Append 'Database Connections\DC-GIS-gis_planning.sde\GIS_PLANNING.Zoning_BaseDistricts_TEMP' "Database Connections\DC-GIS-gis_planning.sde\GIS_PLANNING.Zoning_BaseDistricts" TEST # #</Process><Process ToolSource="D:\Program Files (x86)\ArcGIS\Desktop10.0\ArcToolbox\Toolboxes\Data Management Tools.tbx\DeleteRows" Date="20130612" Time="180846" Name="" export="">DeleteRows "Database Connections\DC-GIS-gis_planning.sde\GIS_PLANNING.Zoning_BaseDistricts"</Process><Process ToolSource="D:\Program Files (x86)\ArcGIS\Desktop10.0\ArcToolbox\Toolboxes\Data Management Tools.tbx\Append" Date="20130612" Time="180935" Name="" export="">Append 'Database Connections\DC-GIS-gis_planning.sde\GIS_PLANNING.Zoning_BaseDistricts_TEMP' "Database Connections\DC-GIS-gis_planning.sde\GIS_PLANNING.Zoning_BaseDistricts" TEST # #</Process><Process ToolSource="D:\Program Files (x86)\ArcGIS\Desktop10.0\ArcToolbox\Toolboxes\Data Management Tools.tbx\DeleteRows" Date="20130619" Time="030235" Name="" export="">DeleteRows "Database Connections\DC-GIS-gis_planning.sde\GIS_PLANNING.Zoning_BaseDistricts"</Process><Process ToolSource="D:\Program Files (x86)\ArcGIS\Desktop10.0\ArcToolbox\Toolboxes\Data Management Tools.tbx\Append" Date="20130619" Time="030322" Name="" export="">Append 'Database Connections\DC-GIS-gis_planning.sde\GIS_PLANNING.Zoning_BaseDistricts_TEMP' "Database Connections\DC-GIS-gis_planning.sde\GIS_PLANNING.Zoning_BaseDistricts" TEST # #</Process><Process ToolSource="D:\Program Files (x86)\ArcGIS\Desktop10.0\ArcToolbox\Toolboxes\Data Management Tools.tbx\DeleteRows" Date="20130622" Time="030239" Name="" export="">DeleteRows "Database Connections\DC-GIS-gis_planning.sde\GIS_PLANNING.Zoning_BaseDistricts"</Process><Process ToolSource="D:\Program Files (x86)\ArcGIS\Desktop10.0\ArcToolbox\Toolboxes\Data Management Tools.tbx\Append" Date="20130622" Time="030329" Name="" export="">Append 'Database Connections\DC-GIS-gis_planning.sde\GIS_PLANNING.Zoning_BaseDistricts_TEMP' "Database Connections\DC-GIS-gis_planning.sde\GIS_PLANNING.Zoning_BaseDistricts" TEST # #</Process><Process ToolSource="D:\Program Files (x86)\ArcGIS\Desktop10.0\ArcToolbox\Toolboxes\Data Management Tools.tbx\DeleteRows" Date="20130627" Time="030243" Name="" export="">DeleteRows "Database Connections\DC-GIS-gis_planning.sde\GIS_PLANNING.Zoning_BaseDistricts"</Process><Process ToolSource="D:\Program Files (x86)\ArcGIS\Desktop10.0\ArcToolbox\Toolboxes\Data Management Tools.tbx\Append" Date="20130627" Time="030333" Name="" export="">Append 'Database Connections\DC-GIS-gis_planning.sde\GIS_PLANNING.Zoning_BaseDistricts_TEMP' "Database Connections\DC-GIS-gis_planning.sde\GIS_PLANNING.Zoning_BaseDistricts" TEST # #</Process><Process ToolSource="D:\Program Files (x86)\ArcGIS\Desktop10.0\ArcToolbox\Toolboxes\Data Management Tools.tbx\DeleteRows" Date="20130629" Time="030352" Name="" export="">DeleteRows "Database Connections\DC-GIS-gis_planning.sde\GIS_PLANNING.Zoning_BaseDistricts"</Process><Process ToolSource="D:\Program Files (x86)\ArcGIS\Desktop10.0\ArcToolbox\Toolboxes\Data Management Tools.tbx\Append" Date="20130629" Time="030440" Name="" export="">Append 'Database Connections\DC-GIS-gis_planning.sde\GIS_PLANNING.Zoning_BaseDistricts_TEMP' "Database Connections\DC-GIS-gis_planning.sde\GIS_PLANNING.Zoning_BaseDistricts" TEST # #</Process><Process ToolSource="D:\Program Files (x86)\ArcGIS\Desktop10.0\ArcToolbox\Toolboxes\Data Management Tools.tbx\DeleteRows" Date="20130720" Time="030353" Name="" export="">DeleteRows "Database Connections\DC-GIS-gis_planning.sde\GIS_PLANNING.Zoning_BaseDistricts"</Process><Process ToolSource="D:\Program Files (x86)\ArcGIS\Desktop10.0\ArcToolbox\Toolboxes\Data Management Tools.tbx\Append" Date="20130720" Time="030443" Name="" export="">Append 'Database Connections\DC-GIS-gis_planning.sde\GIS_PLANNING.Zoning_BaseDistricts_TEMP' "Database Connections\DC-GIS-gis_planning.sde\GIS_PLANNING.Zoning_BaseDistricts" TEST # #</Process><Process ToolSource="D:\Program Files (x86)\ArcGIS\Desktop10.0\ArcToolbox\Toolboxes\Data Management Tools.tbx\DeleteRows" Date="20130727" Time="030343" Name="" export="">DeleteRows "Database Connections\DC-GIS-gis_planning.sde\GIS_PLANNING.Zoning_BaseDistricts"</Process><Process ToolSource="D:\Program Files (x86)\ArcGIS\Desktop10.0\ArcToolbox\Toolboxes\Data Management Tools.tbx\Append" Date="20130727" Time="030427" Name="" export="">Append 'Database Connections\DC-GIS-gis_planning.sde\GIS_PLANNING.Zoning_BaseDistricts_TEMP' "Database Connections\DC-GIS-gis_planning.sde\GIS_PLANNING.Zoning_BaseDistricts" TEST # #</Process><Process ToolSource="D:\Program Files (x86)\ArcGIS\Desktop10.0\ArcToolbox\Toolboxes\Data Management Tools.tbx\DeleteRows" Date="20130731" Time="030229" Name="" export="">DeleteRows "Database Connections\DC-GIS-gis_planning.sde\GIS_PLANNING.Zoning_BaseDistricts"</Process><Process ToolSource="D:\Program Files (x86)\ArcGIS\Desktop10.0\ArcToolbox\Toolboxes\Data Management Tools.tbx\Append" Date="20130731" Time="030316" Name="" export="">Append 'Database Connections\DC-GIS-gis_planning.sde\GIS_PLANNING.Zoning_BaseDistricts_TEMP' "Database Connections\DC-GIS-gis_planning.sde\GIS_PLANNING.Zoning_BaseDistricts" TEST # #</Process><Process ToolSource="D:\Program Files (x86)\ArcGIS\Desktop10.0\ArcToolbox\Toolboxes\Data Management Tools.tbx\DeleteRows" Date="20130803" Time="030203" Name="" export="">DeleteRows "Database Connections\DC-GIS-gis_planning.sde\GIS_PLANNING.Zoning_BaseDistricts"</Process><Process ToolSource="D:\Program Files (x86)\ArcGIS\Desktop10.0\ArcToolbox\Toolboxes\Data Management Tools.tbx\Append" Date="20130803" Time="030258" Name="" export="">Append 'Database Connections\DC-GIS-gis_planning.sde\GIS_PLANNING.Zoning_BaseDistricts_TEMP' "Database Connections\DC-GIS-gis_planning.sde\GIS_PLANNING.Zoning_BaseDistricts" TEST # #</Process><Process ToolSource="D:\Program Files (x86)\ArcGIS\Desktop10.0\ArcToolbox\Toolboxes\Data Management Tools.tbx\DeleteRows" Date="20130810" Time="030251" Name="" export="">DeleteRows "Database Connections\DC-GIS-gis_planning.sde\GIS_PLANNING.Zoning_BaseDistricts"</Process><Process ToolSource="D:\Program Files (x86)\ArcGIS\Desktop10.0\ArcToolbox\Toolboxes\Data Management Tools.tbx\Append" Date="20130810" Time="030341" Name="" export="">Append 'Database Connections\DC-GIS-gis_planning.sde\GIS_PLANNING.Zoning_BaseDistricts_TEMP' "Database Connections\DC-GIS-gis_planning.sde\GIS_PLANNING.Zoning_BaseDistricts" TEST # #</Process><Process ToolSource="D:\Program Files (x86)\ArcGIS\Desktop10.0\ArcToolbox\Toolboxes\Data Management Tools.tbx\DeleteRows" Date="20130814" Time="030148" Name="" export="">DeleteRows "Database Connections\DC-GIS-gis_planning.sde\GIS_PLANNING.Zoning_BaseDistricts"</Process><Process ToolSource="D:\Program Files (x86)\ArcGIS\Desktop10.0\ArcToolbox\Toolboxes\Data Management Tools.tbx\Append" Date="20130814" Time="030240" Name="" export="">Append 'Database Connections\DC-GIS-gis_planning.sde\GIS_PLANNING.Zoning_BaseDistricts_TEMP' "Database Connections\DC-GIS-gis_planning.sde\GIS_PLANNING.Zoning_BaseDistricts" TEST # #</Process><Process ToolSource="D:\Program Files (x86)\ArcGIS\Desktop10.0\ArcToolbox\Toolboxes\Data Management Tools.tbx\DeleteRows" Date="20130817" Time="030252" Name="" export="">DeleteRows "Database Connections\DC-GIS-gis_planning.sde\GIS_PLANNING.Zoning_BaseDistricts"</Process><Process ToolSource="D:\Program Files (x86)\ArcGIS\Desktop10.0\ArcToolbox\Toolboxes\Data Management Tools.tbx\Append" Date="20130817" Time="030341" Name="" export="">Append 'Database Connections\DC-GIS-gis_planning.sde\GIS_PLANNING.Zoning_BaseDistricts_TEMP' "Database Connections\DC-GIS-gis_planning.sde\GIS_PLANNING.Zoning_BaseDistricts" TEST # #</Process><Process ToolSource="D:\Program Files (x86)\ArcGIS\Desktop10.0\ArcToolbox\Toolboxes\Data Management Tools.tbx\DeleteRows" Date="20130821" Time="030206" Name="" export="">DeleteRows "Database Connections\DC-GIS-gis_planning.sde\GIS_PLANNING.Zoning_BaseDistricts"</Process><Process ToolSource="D:\Program Files (x86)\ArcGIS\Desktop10.0\ArcToolbox\Toolboxes\Data Management Tools.tbx\Append" Date="20130821" Time="030257" Name="" export="">Append 'Database Connections\DC-GIS-gis_planning.sde\GIS_PLANNING.Zoning_BaseDistricts_TEMP' "Database Connections\DC-GIS-gis_planning.sde\GIS_PLANNING.Zoning_BaseDistricts" TEST # #</Process><Process ToolSource="D:\Program Files (x86)\ArcGIS\Desktop10.0\ArcToolbox\Toolboxes\Data Management Tools.tbx\DeleteRows" Date="20130824" Time="030137" Name="" export="">DeleteRows "Database Connections\DC-GIS-gis_planning.sde\GIS_PLANNING.Zoning_BaseDistricts"</Process><Process ToolSource="D:\Program Files (x86)\ArcGIS\Desktop10.0\ArcToolbox\Toolboxes\Data Management Tools.tbx\Append" Date="20130824" Time="030228" Name="" export="">Append 'Database Connections\DC-GIS-gis_planning.sde\GIS_PLANNING.Zoning_BaseDistricts_TEMP' "Database Connections\DC-GIS-gis_planning.sde\GIS_PLANNING.Zoning_BaseDistricts" TEST # #</Process><Process ToolSource="D:\Program Files (x86)\ArcGIS\Desktop10.0\ArcToolbox\Toolboxes\Data Management Tools.tbx\DeleteRows" Date="20130829" Time="030306" Name="" export="">DeleteRows "Database Connections\DC-GIS-gis_planning.sde\GIS_PLANNING.Zoning_BaseDistricts"</Process><Process ToolSource="D:\Program Files (x86)\ArcGIS\Desktop10.0\ArcToolbox\Toolboxes\Data Management Tools.tbx\Append" Date="20130829" Time="030409" Name="" export="">Append 'Database Connections\DC-GIS-gis_planning.sde\GIS_PLANNING.Zoning_BaseDistricts_TEMP' "Database Connections\DC-GIS-gis_planning.sde\GIS_PLANNING.Zoning_BaseDistricts" TEST # #</Process><Process ToolSource="D:\Program Files (x86)\ArcGIS\Desktop10.0\ArcToolbox\Toolboxes\Data Management Tools.tbx\DeleteRows" Date="20130831" Time="030213" Name="" export="">DeleteRows "Database Connections\DC-GIS-gis_planning.sde\GIS_PLANNING.Zoning_BaseDistricts"</Process><Process ToolSource="D:\Program Files (x86)\ArcGIS\Desktop10.0\ArcToolbox\Toolboxes\Data Management Tools.tbx\Append" Date="20130831" Time="030304" Name="" export="">Append 'Database Connections\DC-GIS-gis_planning.sde\GIS_PLANNING.Zoning_BaseDistricts_TEMP' "Database Connections\DC-GIS-gis_planning.sde\GIS_PLANNING.Zoning_BaseDistricts" TEST # #</Process><Process ToolSource="D:\Program Files (x86)\ArcGIS\Desktop10.0\ArcToolbox\Toolboxes\Data Management Tools.tbx\DeleteRows" Date="20130904" Time="030224" Name="" export="">DeleteRows "Database Connections\DC-GIS-gis_planning.sde\GIS_PLANNING.Zoning_BaseDistricts"</Process><Process ToolSource="D:\Program Files (x86)\ArcGIS\Desktop10.0\ArcToolbox\Toolboxes\Data Management Tools.tbx\Append" Date="20130904" Time="030314" Name="" export="">Append 'Database Connections\DC-GIS-gis_planning.sde\GIS_PLANNING.Zoning_BaseDistricts_TEMP' "Database Connections\DC-GIS-gis_planning.sde\GIS_PLANNING.Zoning_BaseDistricts" TEST # #</Process><Process ToolSource="D:\Program Files (x86)\ArcGIS\Desktop10.0\ArcToolbox\Toolboxes\Data Management Tools.tbx\DeleteRows" Date="20130907" Time="030151" Name="" export="">DeleteRows "Database Connections\DC-GIS-gis_planning.sde\GIS_PLANNING.Zoning_BaseDistricts"</Process><Process ToolSource="D:\Program Files (x86)\ArcGIS\Desktop10.0\ArcToolbox\Toolboxes\Data Management Tools.tbx\Append" Date="20130907" Time="030247" Name="" export="">Append 'Database Connections\DC-GIS-gis_planning.sde\GIS_PLANNING.Zoning_BaseDistricts_TEMP' "Database Connections\DC-GIS-gis_planning.sde\GIS_PLANNING.Zoning_BaseDistricts" TEST # #</Process><Process ToolSource="D:\Program Files (x86)\ArcGIS\Desktop10.0\ArcToolbox\Toolboxes\Data Management Tools.tbx\DeleteRows" Date="20130911" Time="030223" Name="" export="">DeleteRows "Database Connections\DC-GIS-gis_planning.sde\GIS_PLANNING.Zoning_BaseDistricts"</Process><Process ToolSource="D:\Program Files (x86)\ArcGIS\Desktop10.0\ArcToolbox\Toolboxes\Data Management Tools.tbx\Append" Date="20130911" Time="030314" Name="" export="">Append 'Database Connections\DC-GIS-gis_planning.sde\GIS_PLANNING.Zoning_BaseDistricts_TEMP' "Database Connections\DC-GIS-gis_planning.sde\GIS_PLANNING.Zoning_BaseDistricts" TEST # #</Process><Process ToolSource="D:\Program Files (x86)\ArcGIS\Desktop10.0\ArcToolbox\Toolboxes\Data Management Tools.tbx\DeleteRows" Date="20130914" Time="030157" Name="" export="">DeleteRows "Database Connections\DC-GIS-gis_planning.sde\GIS_PLANNING.Zoning_BaseDistricts"</Process><Process ToolSource="D:\Program Files (x86)\ArcGIS\Desktop10.0\ArcToolbox\Toolboxes\Data Management Tools.tbx\Append" Date="20130914" Time="030247" Name="" export="">Append 'Database Connections\DC-GIS-gis_planning.sde\GIS_PLANNING.Zoning_BaseDistricts_TEMP' "Database Connections\DC-GIS-gis_planning.sde\GIS_PLANNING.Zoning_BaseDistricts" TEST # #</Process><Process ToolSource="D:\Program Files (x86)\ArcGIS\Desktop10.0\ArcToolbox\Toolboxes\Data Management Tools.tbx\DeleteRows" Date="20131106" Time="030252" Name="" export="">DeleteRows "Database Connections\DC-GIS-gis_planning.sde\GIS_PLANNING.Zoning_BaseDistricts"</Process><Process ToolSource="D:\Program Files (x86)\ArcGIS\Desktop10.0\ArcToolbox\Toolboxes\Data Management Tools.tbx\Append" Date="20131106" Time="030336" Name="" export="">Append 'Database Connections\DC-GIS-gis_planning.sde\GIS_PLANNING.Zoning_BaseDistricts_TEMP' "Database Connections\DC-GIS-gis_planning.sde\GIS_PLANNING.Zoning_BaseDistricts" TEST # #</Process><Process ToolSource="D:\Program Files (x86)\ArcGIS\Desktop10.0\ArcToolbox\Toolboxes\Data Management Tools.tbx\DeleteRows" Date="20131123" Time="030258" Name="" export="">DeleteRows "Database Connections\DC-GIS-gis_planning.sde\GIS_PLANNING.Zoning_BaseDistricts"</Process><Process ToolSource="D:\Program Files (x86)\ArcGIS\Desktop10.0\ArcToolbox\Toolboxes\Data Management Tools.tbx\Append" Date="20131123" Time="030345" Name="" export="">Append 'Database Connections\DC-GIS-gis_planning.sde\GIS_PLANNING.Zoning_BaseDistricts_TEMP' "Database Connections\DC-GIS-gis_planning.sde\GIS_PLANNING.Zoning_BaseDistricts" TEST # #</Process><Process ToolSource="D:\Program Files (x86)\ArcGIS\Desktop10.0\ArcToolbox\Toolboxes\Data Management Tools.tbx\DeleteRows" Date="20131211" Time="030235" Name="" export="">DeleteRows "Database Connections\DC-GIS-gis_planning.sde\GIS_PLANNING.Zoning_BaseDistricts"</Process><Process ToolSource="D:\Program Files (x86)\ArcGIS\Desktop10.0\ArcToolbox\Toolboxes\Data Management Tools.tbx\Append" Date="20131211" Time="030325" Name="" export="">Append 'Database Connections\DC-GIS-gis_planning.sde\GIS_PLANNING.Zoning_BaseDistricts_TEMP' "Database Connections\DC-GIS-gis_planning.sde\GIS_PLANNING.Zoning_BaseDistricts" TEST # #</Process><Process ToolSource="D:\Program Files (x86)\ArcGIS\Desktop10.0\ArcToolbox\Toolboxes\Data Management Tools.tbx\DeleteRows" Date="20140111" Time="030414" Name="" export="">DeleteRows "Database Connections\DC-GIS-gis_planning.sde\GIS_PLANNING.Zoning_BaseDistricts"</Process><Process ToolSource="D:\Program Files (x86)\ArcGIS\Desktop10.0\ArcToolbox\Toolboxes\Data Management Tools.tbx\Append" Date="20140111" Time="030536" Name="" export="">Append 'Database Connections\DC-GIS-gis_planning.sde\GIS_PLANNING.Zoning_BaseDistricts_TEMP' "Database Connections\DC-GIS-gis_planning.sde\GIS_PLANNING.Zoning_BaseDistricts" TEST # #</Process><Process ToolSource="D:\Program Files (x86)\ArcGIS\Desktop10.0\ArcToolbox\Toolboxes\Data Management Tools.tbx\DeleteRows" Date="20140115" Time="030207" Name="" export="">DeleteRows "Database Connections\DC-GIS-gis_planning.sde\GIS_PLANNING.Zoning_BaseDistricts"</Process><Process ToolSource="D:\Program Files (x86)\ArcGIS\Desktop10.0\ArcToolbox\Toolboxes\Data Management Tools.tbx\Append" Date="20140115" Time="030251" Name="" export="">Append 'Database Connections\DC-GIS-gis_planning.sde\GIS_PLANNING.Zoning_BaseDistricts_TEMP' "Database Connections\DC-GIS-gis_planning.sde\GIS_PLANNING.Zoning_BaseDistricts" TEST # #</Process><Process ToolSource="D:\Program Files (x86)\ArcGIS\Desktop10.0\ArcToolbox\Toolboxes\Data Management Tools.tbx\DeleteRows" Date="20140118" Time="030313" Name="" export="">DeleteRows "Database Connections\DC-GIS-gis_planning.sde\GIS_PLANNING.Zoning_BaseDistricts"</Process><Process ToolSource="D:\Program Files (x86)\ArcGIS\Desktop10.0\ArcToolbox\Toolboxes\Data Management Tools.tbx\Append" Date="20140118" Time="030404" Name="" export="">Append 'Database Connections\DC-GIS-gis_planning.sde\GIS_PLANNING.Zoning_BaseDistricts_TEMP' "Database Connections\DC-GIS-gis_planning.sde\GIS_PLANNING.Zoning_BaseDistricts" TEST # #</Process><Process ToolSource="D:\Program Files (x86)\ArcGIS\Desktop10.0\ArcToolbox\Toolboxes\Data Management Tools.tbx\DeleteRows" Date="20140122" Time="030204" Name="" export="">DeleteRows "Database Connections\DC-GIS-gis_planning.sde\GIS_PLANNING.Zoning_BaseDistricts"</Process><Process ToolSource="D:\Program Files (x86)\ArcGIS\Desktop10.0\ArcToolbox\Toolboxes\Data Management Tools.tbx\Append" Date="20140122" Time="030249" Name="" export="">Append 'Database Connections\DC-GIS-gis_planning.sde\GIS_PLANNING.Zoning_BaseDistricts_TEMP' "Database Connections\DC-GIS-gis_planning.sde\GIS_PLANNING.Zoning_BaseDistricts" TEST # #</Process><Process ToolSource="e:\arcgis\desktop10.1\ArcToolbox\Toolboxes\Data Management Tools.tbx\DeleteRows" Date="20140212" Time="030311" Name="" export="">DeleteRows "Database Connections\dc_gis_gis_planning.sde\GIS_PLANNING.Zoning_BaseDistricts"</Process><Process ToolSource="e:\arcgis\desktop10.1\ArcToolbox\Toolboxes\Data Management Tools.tbx\Append" Date="20140212" Time="030355" Name="" export="">Append 'Database Connections\dc_gis_gis_planning.sde\GIS_PLANNING.Zoning_BaseDistricts_TEMP' "Database Connections\dc_gis_gis_planning.sde\GIS_PLANNING.Zoning_BaseDistricts" TEST # #</Process><Process ToolSource="e:\arcgis\desktop10.1\ArcToolbox\Toolboxes\Data Management Tools.tbx\DeleteRows" Date="20140215" Time="030237" Name="" export="">DeleteRows "Database Connections\dc_gis_gis_planning.sde\GIS_PLANNING.Zoning_BaseDistricts"</Process><Process ToolSource="e:\arcgis\desktop10.1\ArcToolbox\Toolboxes\Data Management Tools.tbx\Append" Date="20140215" Time="030324" Name="" export="">Append 'Database Connections\dc_gis_gis_planning.sde\GIS_PLANNING.Zoning_BaseDistricts_TEMP' "Database Connections\dc_gis_gis_planning.sde\GIS_PLANNING.Zoning_BaseDistricts" TEST # #</Process><Process ToolSource="e:\arcgis\desktop10.1\ArcToolbox\Toolboxes\Data Management Tools.tbx\DeleteRows" Date="20140219" Time="030307" Name="" export="">DeleteRows "Database Connections\dc_gis_gis_planning.sde\GIS_PLANNING.Zoning_BaseDistricts"</Process><Process ToolSource="e:\arcgis\desktop10.1\ArcToolbox\Toolboxes\Data Management Tools.tbx\Append" Date="20140219" Time="030405" Name="" export="">Append 'Database Connections\dc_gis_gis_planning.sde\GIS_PLANNING.Zoning_BaseDistricts_TEMP' "Database Connections\dc_gis_gis_planning.sde\GIS_PLANNING.Zoning_BaseDistricts" TEST # #</Process><Process ToolSource="e:\arcgis\desktop10.1\ArcToolbox\Toolboxes\Data Management Tools.tbx\DeleteRows" Date="20140222" Time="030409" Name="" export="">DeleteRows "Database Connections\dc_gis_gis_planning.sde\GIS_PLANNING.Zoning_BaseDistricts"</Process><Process ToolSource="e:\arcgis\desktop10.1\ArcToolbox\Toolboxes\Data Management Tools.tbx\Append" Date="20140222" Time="030505" Name="" export="">Append 'Database Connections\dc_gis_gis_planning.sde\GIS_PLANNING.Zoning_BaseDistricts_TEMP' "Database Connections\dc_gis_gis_planning.sde\GIS_PLANNING.Zoning_BaseDistricts" TEST # #</Process><Process ToolSource="e:\arcgis\desktop10.1\ArcToolbox\Toolboxes\Data Management Tools.tbx\DeleteRows" Date="20140226" Time="062318" Name="" export="">DeleteRows "Database Connections\dc_gis_gis_planning.sde\GIS_PLANNING.Zoning_BaseDistricts"</Process><Process ToolSource="e:\arcgis\desktop10.1\ArcToolbox\Toolboxes\Data Management Tools.tbx\Append" Date="20140226" Time="062408" Name="" export="">Append 'Database Connections\dc_gis_gis_planning.sde\GIS_PLANNING.Zoning_BaseDistricts_TEMP' "Database Connections\dc_gis_gis_planning.sde\GIS_PLANNING.Zoning_BaseDistricts" TEST # #</Process><Process ToolSource="e:\arcgis\desktop10.1\ArcToolbox\Toolboxes\Data Management Tools.tbx\DeleteRows" Date="20140301" Time="030309" Name="" export="">DeleteRows "Database Connections\dc_gis_gis_planning.sde\GIS_PLANNING.Zoning_BaseDistricts"</Process><Process ToolSource="e:\arcgis\desktop10.1\ArcToolbox\Toolboxes\Data Management Tools.tbx\Append" Date="20140301" Time="030400" Name="" export="">Append 'Database Connections\dc_gis_gis_planning.sde\GIS_PLANNING.Zoning_BaseDistricts_TEMP' "Database Connections\dc_gis_gis_planning.sde\GIS_PLANNING.Zoning_BaseDistricts" TEST # #</Process><Process ToolSource="e:\arcgis\desktop10.1\ArcToolbox\Toolboxes\Data Management Tools.tbx\DeleteRows" Date="20140305" Time="030234" Name="" export="">DeleteRows "Database Connections\dc_gis_gis_planning.sde\GIS_PLANNING.Zoning_BaseDistricts"</Process><Process ToolSource="e:\arcgis\desktop10.1\ArcToolbox\Toolboxes\Data Management Tools.tbx\Append" Date="20140305" Time="030322" Name="" export="">Append 'Database Connections\dc_gis_gis_planning.sde\GIS_PLANNING.Zoning_BaseDistricts_TEMP' "Database Connections\dc_gis_gis_planning.sde\GIS_PLANNING.Zoning_BaseDistricts" TEST # #</Process><Process ToolSource="e:\arcgis\desktop10.1\ArcToolbox\Toolboxes\Data Management Tools.tbx\DeleteRows" Date="20140308" Time="030303" Name="" export="">DeleteRows "Database Connections\dc_gis_gis_planning.sde\GIS_PLANNING.Zoning_BaseDistricts"</Process><Process ToolSource="e:\arcgis\desktop10.1\ArcToolbox\Toolboxes\Data Management Tools.tbx\Append" Date="20140308" Time="030352" Name="" export="">Append 'Database Connections\dc_gis_gis_planning.sde\GIS_PLANNING.Zoning_BaseDistricts_TEMP' "Database Connections\dc_gis_gis_planning.sde\GIS_PLANNING.Zoning_BaseDistricts" TEST # #</Process><Process ToolSource="e:\arcgis\desktop10.1\ArcToolbox\Toolboxes\Data Management Tools.tbx\DeleteRows" Date="20140402" Time="030312" Name="" export="">DeleteRows "Database Connections\dc_gis_gis_planning.sde\GIS_PLANNING.Zoning_BaseDistricts"</Process><Process ToolSource="e:\arcgis\desktop10.1\ArcToolbox\Toolboxes\Data Management Tools.tbx\Append" Date="20140402" Time="030357" Name="" export="">Append 'Database Connections\dc_gis_gis_planning.sde\GIS_PLANNING.Zoning_BaseDistricts_TEMP' "Database Connections\dc_gis_gis_planning.sde\GIS_PLANNING.Zoning_BaseDistricts" TEST # #</Process><Process ToolSource="e:\arcgis\desktop10.1\ArcToolbox\Toolboxes\Data Management Tools.tbx\DeleteRows" Date="20140405" Time="030309" Name="" export="">DeleteRows "Database Connections\dc_gis_gis_planning.sde\GIS_PLANNING.Zoning_BaseDistricts"</Process><Process ToolSource="e:\arcgis\desktop10.1\ArcToolbox\Toolboxes\Data Management Tools.tbx\Append" Date="20140405" Time="030355" Name="" export="">Append 'Database Connections\dc_gis_gis_planning.sde\GIS_PLANNING.Zoning_BaseDistricts_TEMP' "Database Connections\dc_gis_gis_planning.sde\GIS_PLANNING.Zoning_BaseDistricts" TEST # #</Process><Process ToolSource="e:\arcgis\desktop10.1\ArcToolbox\Toolboxes\Data Management Tools.tbx\DeleteRows" Date="20140409" Time="030242" Name="" export="">DeleteRows "Database Connections\dc_gis_gis_planning.sde\GIS_PLANNING.Zoning_BaseDistricts"</Process><Process ToolSource="e:\arcgis\desktop10.1\ArcToolbox\Toolboxes\Data Management Tools.tbx\Append" Date="20140409" Time="030327" Name="" export="">Append 'Database Connections\dc_gis_gis_planning.sde\GIS_PLANNING.Zoning_BaseDistricts_TEMP' "Database Connections\dc_gis_gis_planning.sde\GIS_PLANNING.Zoning_BaseDistricts" TEST # #</Process><Process ToolSource="e:\arcgis\desktop10.1\ArcToolbox\Toolboxes\Data Management Tools.tbx\DeleteRows" Date="20140412" Time="030254" Name="" export="">DeleteRows "Database Connections\dc_gis_gis_planning.sde\GIS_PLANNING.Zoning_BaseDistricts"</Process><Process ToolSource="e:\arcgis\desktop10.1\ArcToolbox\Toolboxes\Data Management Tools.tbx\Append" Date="20140412" Time="030341" Name="" export="">Append 'Database Connections\dc_gis_gis_planning.sde\GIS_PLANNING.Zoning_BaseDistricts_TEMP' "Database Connections\dc_gis_gis_planning.sde\GIS_PLANNING.Zoning_BaseDistricts" TEST # #</Process><Process ToolSource="e:\arcgis\desktop10.1\ArcToolbox\Toolboxes\Data Management Tools.tbx\DeleteRows" Date="20140416" Time="030238" Name="" export="">DeleteRows "Database Connections\dc_gis_gis_planning.sde\GIS_PLANNING.Zoning_BaseDistricts"</Process><Process ToolSource="e:\arcgis\desktop10.1\ArcToolbox\Toolboxes\Data Management Tools.tbx\Append" Date="20140416" Time="030327" Name="" export="">Append 'Database Connections\dc_gis_gis_planning.sde\GIS_PLANNING.Zoning_BaseDistricts_TEMP' "Database Connections\dc_gis_gis_planning.sde\GIS_PLANNING.Zoning_BaseDistricts" TEST # #</Process><Process ToolSource="e:\arcgis\desktop10.1\ArcToolbox\Toolboxes\Data Management Tools.tbx\DeleteRows" Date="20140419" Time="030255" Name="" export="">DeleteRows "Database Connections\dc_gis_gis_planning.sde\GIS_PLANNING.Zoning_BaseDistricts"</Process><Process ToolSource="e:\arcgis\desktop10.1\ArcToolbox\Toolboxes\Data Management Tools.tbx\Append" Date="20140419" Time="030342" Name="" export="">Append 'Database Connections\dc_gis_gis_planning.sde\GIS_PLANNING.Zoning_BaseDistricts_TEMP' "Database Connections\dc_gis_gis_planning.sde\GIS_PLANNING.Zoning_BaseDistricts" TEST # #</Process><Process ToolSource="e:\arcgis\desktop10.1\ArcToolbox\Toolboxes\Data Management Tools.tbx\DeleteRows" Date="20140423" Time="030308" Name="" export="">DeleteRows "Database Connections\dc_gis_gis_planning.sde\GIS_PLANNING.Zoning_BaseDistricts"</Process><Process ToolSource="e:\arcgis\desktop10.1\ArcToolbox\Toolboxes\Data Management Tools.tbx\Append" Date="20140423" Time="030356" Name="" export="">Append 'Database Connections\dc_gis_gis_planning.sde\GIS_PLANNING.Zoning_BaseDistricts_TEMP' "Database Connections\dc_gis_gis_planning.sde\GIS_PLANNING.Zoning_BaseDistricts" TEST # #</Process><Process ToolSource="e:\arcgis\desktop10.1\ArcToolbox\Toolboxes\Data Management Tools.tbx\DeleteRows" Date="20140426" Time="030306" Name="" export="">DeleteRows "Database Connections\dc_gis_gis_planning.sde\GIS_PLANNING.Zoning_BaseDistricts"</Process><Process ToolSource="e:\arcgis\desktop10.1\ArcToolbox\Toolboxes\Data Management Tools.tbx\Append" Date="20140426" Time="030354" Name="" export="">Append 'Database Connections\dc_gis_gis_planning.sde\GIS_PLANNING.Zoning_BaseDistricts_TEMP' "Database Connections\dc_gis_gis_planning.sde\GIS_PLANNING.Zoning_BaseDistricts" TEST # #</Process><Process ToolSource="e:\arcgis\desktop10.1\ArcToolbox\Toolboxes\Data Management Tools.tbx\DeleteRows" Date="20140430" Time="030305" Name="" export="">DeleteRows "Database Connections\dc_gis_gis_planning.sde\GIS_PLANNING.Zoning_BaseDistricts"</Process><Process ToolSource="e:\arcgis\desktop10.1\ArcToolbox\Toolboxes\Data Management Tools.tbx\Append" Date="20140430" Time="030354" Name="" export="">Append 'Database Connections\dc_gis_gis_planning.sde\GIS_PLANNING.Zoning_BaseDistricts_TEMP' "Database Connections\dc_gis_gis_planning.sde\GIS_PLANNING.Zoning_BaseDistricts" TEST # #</Process><Process ToolSource="e:\arcgis\desktop10.1\ArcToolbox\Toolboxes\Data Management Tools.tbx\DeleteRows" Date="20140503" Time="030259" Name="" export="">DeleteRows "Database Connections\dc_gis_gis_planning.sde\GIS_PLANNING.Zoning_BaseDistricts"</Process><Process ToolSource="e:\arcgis\desktop10.1\ArcToolbox\Toolboxes\Data Management Tools.tbx\Append" Date="20140503" Time="030351" Name="" export="">Append 'Database Connections\dc_gis_gis_planning.sde\GIS_PLANNING.Zoning_BaseDistricts_TEMP' "Database Connections\dc_gis_gis_planning.sde\GIS_PLANNING.Zoning_BaseDistricts" TEST # #</Process><Process ToolSource="e:\arcgis\desktop10.1\ArcToolbox\Toolboxes\Data Management Tools.tbx\DeleteRows" Date="20140507" Time="030303" Name="" export="">DeleteRows "Database Connections\dc_gis_gis_planning.sde\GIS_PLANNING.Zoning_BaseDistricts"</Process><Process ToolSource="e:\arcgis\desktop10.1\ArcToolbox\Toolboxes\Data Management Tools.tbx\Append" Date="20140507" Time="030352" Name="" export="">Append 'Database Connections\dc_gis_gis_planning.sde\GIS_PLANNING.Zoning_BaseDistricts_TEMP' "Database Connections\dc_gis_gis_planning.sde\GIS_PLANNING.Zoning_BaseDistricts" TEST # #</Process><Process ToolSource="e:\arcgis\desktop10.1\ArcToolbox\Toolboxes\Data Management Tools.tbx\DeleteRows" Date="20140510" Time="030327" Name="" export="">DeleteRows "Database Connections\dc_gis_gis_planning.sde\GIS_PLANNING.Zoning_BaseDistricts"</Process><Process ToolSource="e:\arcgis\desktop10.1\ArcToolbox\Toolboxes\Data Management Tools.tbx\Append" Date="20140510" Time="030417" Name="" export="">Append 'Database Connections\dc_gis_gis_planning.sde\GIS_PLANNING.Zoning_BaseDistricts_TEMP' "Database Connections\dc_gis_gis_planning.sde\GIS_PLANNING.Zoning_BaseDistricts" TEST # #</Process><Process ToolSource="e:\arcgis\desktop10.1\ArcToolbox\Toolboxes\Data Management Tools.tbx\DeleteRows" Date="20140514" Time="030315" Name="" export="">DeleteRows "Database Connections\dc_gis_gis_planning.sde\GIS_PLANNING.Zoning_BaseDistricts"</Process><Process ToolSource="e:\arcgis\desktop10.1\ArcToolbox\Toolboxes\Data Management Tools.tbx\Append" Date="20140514" Time="030413" Name="" export="">Append 'Database Connections\dc_gis_gis_planning.sde\GIS_PLANNING.Zoning_BaseDistricts_TEMP' "Database Connections\dc_gis_gis_planning.sde\GIS_PLANNING.Zoning_BaseDistricts" TEST # #</Process><Process ToolSource="e:\arcgis\desktop10.1\ArcToolbox\Toolboxes\Data Management Tools.tbx\DeleteRows" Date="20140517" Time="030321" Name="" export="">DeleteRows "Database Connections\dc_gis_gis_planning.sde\GIS_PLANNING.Zoning_BaseDistricts"</Process><Process ToolSource="e:\arcgis\desktop10.1\ArcToolbox\Toolboxes\Data Management Tools.tbx\Append" Date="20140517" Time="030428" Name="" export="">Append 'Database Connections\dc_gis_gis_planning.sde\GIS_PLANNING.Zoning_BaseDistricts_TEMP' "Database Connections\dc_gis_gis_planning.sde\GIS_PLANNING.Zoning_BaseDistricts" TEST # #</Process><Process ToolSource="e:\arcgis\desktop10.1\ArcToolbox\Toolboxes\Data Management Tools.tbx\DeleteRows" Date="20140521" Time="030340" Name="" export="">DeleteRows "Database Connections\dc_gis_gis_planning.sde\GIS_PLANNING.Zoning_BaseDistricts"</Process><Process ToolSource="e:\arcgis\desktop10.1\ArcToolbox\Toolboxes\Data Management Tools.tbx\Append" Date="20140521" Time="030436" Name="" export="">Append 'Database Connections\dc_gis_gis_planning.sde\GIS_PLANNING.Zoning_BaseDistricts_TEMP' "Database Connections\dc_gis_gis_planning.sde\GIS_PLANNING.Zoning_BaseDistricts" TEST # #</Process><Process ToolSource="e:\arcgis\desktop10.1\ArcToolbox\Toolboxes\Data Management Tools.tbx\DeleteRows" Date="20140524" Time="030312" Name="" export="">DeleteRows "Database Connections\dc_gis_gis_planning.sde\GIS_PLANNING.Zoning_BaseDistricts"</Process><Process ToolSource="e:\arcgis\desktop10.1\ArcToolbox\Toolboxes\Data Management Tools.tbx\Append" Date="20140524" Time="030407" Name="" export="">Append 'Database Connections\dc_gis_gis_planning.sde\GIS_PLANNING.Zoning_BaseDistricts_TEMP' "Database Connections\dc_gis_gis_planning.sde\GIS_PLANNING.Zoning_BaseDistricts" TEST # #</Process><Process ToolSource="e:\arcgis\desktop10.1\ArcToolbox\Toolboxes\Data Management Tools.tbx\DeleteRows" Date="20140528" Time="030500" Name="" export="">DeleteRows "Database Connections\dc_gis_gis_planning.sde\GIS_PLANNING.Zoning_BaseDistricts"</Process><Process ToolSource="e:\arcgis\desktop10.1\ArcToolbox\Toolboxes\Data Management Tools.tbx\Append" Date="20140528" Time="030608" Name="" export="">Append 'Database Connections\dc_gis_gis_planning.sde\GIS_PLANNING.Zoning_BaseDistricts_TEMP' "Database Connections\dc_gis_gis_planning.sde\GIS_PLANNING.Zoning_BaseDistricts" TEST # #</Process><Process ToolSource="e:\arcgis\desktop10.1\ArcToolbox\Toolboxes\Data Management Tools.tbx\DeleteRows" Date="20140531" Time="030443" Name="" export="">DeleteRows "Database Connections\dc_gis_gis_planning.sde\GIS_PLANNING.Zoning_BaseDistricts"</Process><Process ToolSource="e:\arcgis\desktop10.1\ArcToolbox\Toolboxes\Data Management Tools.tbx\Append" Date="20140531" Time="030545" Name="" export="">Append 'Database Connections\dc_gis_gis_planning.sde\GIS_PLANNING.Zoning_BaseDistricts_TEMP' "Database Connections\dc_gis_gis_planning.sde\GIS_PLANNING.Zoning_BaseDistricts" TEST # #</Process><Process ToolSource="e:\arcgis\desktop10.1\ArcToolbox\Toolboxes\Data Management Tools.tbx\DeleteRows" Date="20140604" Time="052009" Name="" export="">DeleteRows "Database Connections\dc_gis_gis_planning.sde\GIS_PLANNING.Zoning_BaseDistricts"</Process><Process ToolSource="e:\arcgis\desktop10.1\ArcToolbox\Toolboxes\Data Management Tools.tbx\Append" Date="20140604" Time="052111" Name="" export="">Append 'Database Connections\dc_gis_gis_planning.sde\GIS_PLANNING.Zoning_BaseDistricts_TEMP' "Database Connections\dc_gis_gis_planning.sde\GIS_PLANNING.Zoning_BaseDistricts" TEST # #</Process><Process ToolSource="e:\arcgis\desktop10.1\ArcToolbox\Toolboxes\Data Management Tools.tbx\DeleteRows" Date="20140607" Time="030403" Name="" export="">DeleteRows "Database Connections\dc_gis_gis_planning.sde\GIS_PLANNING.Zoning_BaseDistricts"</Process><Process ToolSource="e:\arcgis\desktop10.1\ArcToolbox\Toolboxes\Data Management Tools.tbx\Append" Date="20140607" Time="030508" Name="" export="">Append 'Database Connections\dc_gis_gis_planning.sde\GIS_PLANNING.Zoning_BaseDistricts_TEMP' "Database Connections\dc_gis_gis_planning.sde\GIS_PLANNING.Zoning_BaseDistricts" TEST # #</Process><Process ToolSource="e:\arcgis\desktop10.1\ArcToolbox\Toolboxes\Data Management Tools.tbx\DeleteRows" Date="20140611" Time="030250" Name="" export="">DeleteRows "Database Connections\dc_gis_gis_planning.sde\GIS_PLANNING.Zoning_BaseDistricts"</Process><Process ToolSource="e:\arcgis\desktop10.1\ArcToolbox\Toolboxes\Data Management Tools.tbx\Append" Date="20140611" Time="030351" Name="" export="">Append 'Database Connections\dc_gis_gis_planning.sde\GIS_PLANNING.Zoning_BaseDistricts_TEMP' "Database Connections\dc_gis_gis_planning.sde\GIS_PLANNING.Zoning_BaseDistricts" TEST # #</Process><Process ToolSource="e:\arcgis\desktop10.1\ArcToolbox\Toolboxes\Data Management Tools.tbx\DeleteRows" Date="20140616" Time="211508" Name="" export="">DeleteRows "Database Connections\dc_gis_gis_planning.sde\GIS_PLANNING.Zoning_BaseDistricts"</Process><Process ToolSource="e:\arcgis\desktop10.1\ArcToolbox\Toolboxes\Data Management Tools.tbx\Append" Date="20140616" Time="211604" Name="" export="">Append 'Database Connections\dc_gis_gis_planning.sde\GIS_PLANNING.Zoning_BaseDistricts_TEMP' "Database Connections\dc_gis_gis_planning.sde\GIS_PLANNING.Zoning_BaseDistricts" TEST # #</Process><Process ToolSource="e:\arcgis\desktop10.1\ArcToolbox\Toolboxes\Data Management Tools.tbx\DeleteRows" Date="20140618" Time="030331" Name="" export="">DeleteRows "Database Connections\dc_gis_gis_planning.sde\GIS_PLANNING.Zoning_BaseDistricts"</Process><Process ToolSource="e:\arcgis\desktop10.1\ArcToolbox\Toolboxes\Data Management Tools.tbx\Append" Date="20140618" Time="030431" Name="" export="">Append 'Database Connections\dc_gis_gis_planning.sde\GIS_PLANNING.Zoning_BaseDistricts_TEMP' "Database Connections\dc_gis_gis_planning.sde\GIS_PLANNING.Zoning_BaseDistricts" TEST # #</Process><Process ToolSource="e:\arcgis\desktop10.1\ArcToolbox\Toolboxes\Data Management Tools.tbx\DeleteRows" Date="20140621" Time="030305" Name="" export="">DeleteRows "Database Connections\dc_gis_gis_planning.sde\GIS_PLANNING.Zoning_BaseDistricts"</Process><Process ToolSource="e:\arcgis\desktop10.1\ArcToolbox\Toolboxes\Data Management Tools.tbx\Append" Date="20140621" Time="030404" Name="" export="">Append 'Database Connections\dc_gis_gis_planning.sde\GIS_PLANNING.Zoning_BaseDistricts_TEMP' "Database Connections\dc_gis_gis_planning.sde\GIS_PLANNING.Zoning_BaseDistricts" TEST # #</Process><Process ToolSource="e:\arcgis\desktop10.1\ArcToolbox\Toolboxes\Data Management Tools.tbx\DeleteRows" Date="20140625" Time="030346" Name="" export="">DeleteRows "Database Connections\dc_gis_gis_planning.sde\GIS_PLANNING.Zoning_BaseDistricts"</Process><Process ToolSource="e:\arcgis\desktop10.1\ArcToolbox\Toolboxes\Data Management Tools.tbx\Append" Date="20140625" Time="030459" Name="" export="">Append 'Database Connections\dc_gis_gis_planning.sde\GIS_PLANNING.Zoning_BaseDistricts_TEMP' "Database Connections\dc_gis_gis_planning.sde\GIS_PLANNING.Zoning_BaseDistricts" TEST # #</Process><Process ToolSource="e:\arcgis\desktop10.1\ArcToolbox\Toolboxes\Data Management Tools.tbx\DeleteRows" Date="20140625" Time="081326" Name="" export="">DeleteRows "Database Connections\dc_gis_gis_planning.sde\GIS_PLANNING.Zoning_BaseDistricts"</Process><Process ToolSource="e:\arcgis\desktop10.1\ArcToolbox\Toolboxes\Data Management Tools.tbx\Append" Date="20140625" Time="081333" Name="" export="">Append 'Database Connections\dc_gis_gis_planning.sde\GIS_PLANNING.Zoning_BaseDistricts_TEMP' "Database Connections\dc_gis_gis_planning.sde\GIS_PLANNING.Zoning_BaseDistricts" TEST # #</Process><Process ToolSource="e:\arcgis\desktop10.1\ArcToolbox\Toolboxes\Data Management Tools.tbx\DeleteRows" Date="20140627" Time="030352" Name="" export="">DeleteRows "Database Connections\dc_gis_gis_planning.sde\GIS_PLANNING.Zoning_BaseDistricts"</Process><Process ToolSource="e:\arcgis\desktop10.1\ArcToolbox\Toolboxes\Data Management Tools.tbx\Append" Date="20140627" Time="030504" Name="" export="">Append 'Database Connections\dc_gis_gis_planning.sde\GIS_PLANNING.Zoning_BaseDistricts_TEMP' "Database Connections\dc_gis_gis_planning.sde\GIS_PLANNING.Zoning_BaseDistricts" TEST # #</Process><Process ToolSource="e:\arcgis\desktop10.1\ArcToolbox\Toolboxes\Data Management Tools.tbx\DeleteRows" Date="20140628" Time="030408" Name="" export="">DeleteRows "Database Connections\dc_gis_gis_planning.sde\GIS_PLANNING.Zoning_BaseDistricts"</Process><Process ToolSource="e:\arcgis\desktop10.1\ArcToolbox\Toolboxes\Data Management Tools.tbx\Append" Date="20140628" Time="030609" Name="" export="">Append 'Database Connections\dc_gis_gis_planning.sde\GIS_PLANNING.Zoning_BaseDistricts_TEMP' "Database Connections\dc_gis_gis_planning.sde\GIS_PLANNING.Zoning_BaseDistricts" TEST # #</Process><Process ToolSource="e:\arcgis\desktop10.1\ArcToolbox\Toolboxes\Data Management Tools.tbx\DeleteRows" Date="20140701" Time="030347" Name="" export="">DeleteRows "Database Connections\dc_gis_gis_planning.sde\GIS_PLANNING.Zoning_BaseDistricts"</Process><Process ToolSource="e:\arcgis\desktop10.1\ArcToolbox\Toolboxes\Data Management Tools.tbx\Append" Date="20140701" Time="030458" Name="" export="">Append 'Database Connections\dc_gis_gis_planning.sde\GIS_PLANNING.Zoning_BaseDistricts_TEMP' "Database Connections\dc_gis_gis_planning.sde\GIS_PLANNING.Zoning_BaseDistricts" TEST # #</Process><Process ToolSource="e:\arcgis\desktop10.1\ArcToolbox\Toolboxes\Data Management Tools.tbx\DeleteRows" Date="20140702" Time="030324" Name="" export="">DeleteRows "Database Connections\dc_gis_gis_planning.sde\GIS_PLANNING.Zoning_BaseDistricts"</Process><Process ToolSource="e:\arcgis\desktop10.1\ArcToolbox\Toolboxes\Data Management Tools.tbx\Append" Date="20140702" Time="030433" Name="" export="">Append 'Database Connections\dc_gis_gis_planning.sde\GIS_PLANNING.Zoning_BaseDistricts_TEMP' "Database Connections\dc_gis_gis_planning.sde\GIS_PLANNING.Zoning_BaseDistricts" TEST # #</Process><Process ToolSource="e:\arcgis\desktop10.1\ArcToolbox\Toolboxes\Data Management Tools.tbx\DeleteRows" Date="20140703" Time="030324" Name="" export="">DeleteRows "Database Connections\dc_gis_gis_planning.sde\GIS_PLANNING.Zoning_BaseDistricts"</Process><Process ToolSource="e:\arcgis\desktop10.1\ArcToolbox\Toolboxes\Data Management Tools.tbx\Append" Date="20140703" Time="030437" Name="" export="">Append 'Database Connections\dc_gis_gis_planning.sde\GIS_PLANNING.Zoning_BaseDistricts_TEMP' "Database Connections\dc_gis_gis_planning.sde\GIS_PLANNING.Zoning_BaseDistricts" TEST # #</Process><Process ToolSource="e:\arcgis\desktop10.1\ArcToolbox\Toolboxes\Data Management Tools.tbx\DeleteRows" Date="20140704" Time="030313" Name="" export="">DeleteRows "Database Connections\dc_gis_gis_planning.sde\GIS_PLANNING.Zoning_BaseDistricts"</Process><Process ToolSource="e:\arcgis\desktop10.1\ArcToolbox\Toolboxes\Data Management Tools.tbx\Append" Date="20140704" Time="030421" Name="" export="">Append 'Database Connections\dc_gis_gis_planning.sde\GIS_PLANNING.Zoning_BaseDistricts_TEMP' "Database Connections\dc_gis_gis_planning.sde\GIS_PLANNING.Zoning_BaseDistricts" TEST # #</Process><Process ToolSource="e:\arcgis\desktop10.1\ArcToolbox\Toolboxes\Data Management Tools.tbx\DeleteRows" Date="20140705" Time="030407" Name="" export="">DeleteRows "Database Connections\dc_gis_gis_planning.sde\GIS_PLANNING.Zoning_BaseDistricts"</Process><Process ToolSource="e:\arcgis\desktop10.1\ArcToolbox\Toolboxes\Data Management Tools.tbx\Append" Date="20140705" Time="030528" Name="" export="">Append 'Database Connections\dc_gis_gis_planning.sde\GIS_PLANNING.Zoning_BaseDistricts_TEMP' "Database Connections\dc_gis_gis_planning.sde\GIS_PLANNING.Zoning_BaseDistricts" TEST # #</Process><Process ToolSource="e:\arcgis\desktop10.1\ArcToolbox\Toolboxes\Data Management Tools.tbx\DeleteRows" Date="20140708" Time="030358" Name="" export="">DeleteRows "Database Connections\dc_gis_gis_planning.sde\GIS_PLANNING.Zoning_BaseDistricts"</Process><Process ToolSource="e:\arcgis\desktop10.1\ArcToolbox\Toolboxes\Data Management Tools.tbx\Append" Date="20140708" Time="030511" Name="" export="">Append 'Database Connections\dc_gis_gis_planning.sde\GIS_PLANNING.Zoning_BaseDistricts_TEMP' "Database Connections\dc_gis_gis_planning.sde\GIS_PLANNING.Zoning_BaseDistricts" TEST # #</Process><Process ToolSource="e:\arcgis\desktop10.1\ArcToolbox\Toolboxes\Data Management Tools.tbx\DeleteRows" Date="20140709" Time="030349" Name="" export="">DeleteRows "Database Connections\dc_gis_gis_planning.sde\GIS_PLANNING.Zoning_BaseDistricts"</Process><Process ToolSource="e:\arcgis\desktop10.1\ArcToolbox\Toolboxes\Data Management Tools.tbx\Append" Date="20140709" Time="030458" Name="" export="">Append 'Database Connections\dc_gis_gis_planning.sde\GIS_PLANNING.Zoning_BaseDistricts_TEMP' "Database Connections\dc_gis_gis_planning.sde\GIS_PLANNING.Zoning_BaseDistricts" TEST # #</Process><Process ToolSource="e:\arcgis\desktop10.1\ArcToolbox\Toolboxes\Data Management Tools.tbx\DeleteRows" Date="20140711" Time="052247" Name="" export="">DeleteRows "Database Connections\dc_gis_gis_planning.sde\GIS_PLANNING.Zoning_BaseDistricts"</Process><Process ToolSource="e:\arcgis\desktop10.1\ArcToolbox\Toolboxes\Data Management Tools.tbx\Append" Date="20140711" Time="052402" Name="" export="">Append 'Database Connections\dc_gis_gis_planning.sde\GIS_PLANNING.Zoning_BaseDistricts_TEMP' "Database Connections\dc_gis_gis_planning.sde\GIS_PLANNING.Zoning_BaseDistricts" TEST # #</Process><Process ToolSource="e:\arcgis\desktop10.1\ArcToolbox\Toolboxes\Data Management Tools.tbx\DeleteRows" Date="20140712" Time="030405" Name="" export="">DeleteRows "Database Connections\dc_gis_gis_planning.sde\GIS_PLANNING.Zoning_BaseDistricts"</Process><Process ToolSource="e:\arcgis\desktop10.1\ArcToolbox\Toolboxes\Data Management Tools.tbx\Append" Date="20140712" Time="030550" Name="" export="">Append 'Database Connections\dc_gis_gis_planning.sde\GIS_PLANNING.Zoning_BaseDistricts_TEMP' "Database Connections\dc_gis_gis_planning.sde\GIS_PLANNING.Zoning_BaseDistricts" TEST # #</Process><Process ToolSource="e:\arcgis\desktop10.1\ArcToolbox\Toolboxes\Data Management Tools.tbx\DeleteRows" Date="20140715" Time="030352" Name="" export="">DeleteRows "Database Connections\dc_gis_gis_planning.sde\GIS_PLANNING.Zoning_BaseDistricts"</Process><Process ToolSource="e:\arcgis\desktop10.1\ArcToolbox\Toolboxes\Data Management Tools.tbx\Append" Date="20140715" Time="030510" Name="" export="">Append 'Database Connections\dc_gis_gis_planning.sde\GIS_PLANNING.Zoning_BaseDistricts_TEMP' "Database Connections\dc_gis_gis_planning.sde\GIS_PLANNING.Zoning_BaseDistricts" TEST # #</Process><Process ToolSource="e:\arcgis\desktop10.1\ArcToolbox\Toolboxes\Data Management Tools.tbx\DeleteRows" Date="20140715" Time="220333" Name="" export="">DeleteRows "Database Connections\dc_gis_gis_planning.sde\GIS_PLANNING.Zoning_BaseDistricts"</Process><Process ToolSource="e:\arcgis\desktop10.1\ArcToolbox\Toolboxes\Data Management Tools.tbx\Append" Date="20140715" Time="220451" Name="" export="">Append 'Database Connections\dc_gis_gis_planning.sde\GIS_PLANNING.Zoning_BaseDistricts_TEMP' "Database Connections\dc_gis_gis_planning.sde\GIS_PLANNING.Zoning_BaseDistricts" TEST # #</Process><Process ToolSource="e:\arcgis\desktop10.1\ArcToolbox\Toolboxes\Data Management Tools.tbx\DeleteRows" Date="20140716" Time="220349" Name="" export="">DeleteRows "Database Connections\dc_gis_gis_planning.sde\GIS_PLANNING.Zoning_BaseDistricts"</Process><Process ToolSource="e:\arcgis\desktop10.1\ArcToolbox\Toolboxes\Data Management Tools.tbx\Append" Date="20140716" Time="220508" Name="" export="">Append 'Database Connections\dc_gis_gis_planning.sde\GIS_PLANNING.Zoning_BaseDistricts_TEMP' "Database Connections\dc_gis_gis_planning.sde\GIS_PLANNING.Zoning_BaseDistricts" TEST # #</Process><Process ToolSource="e:\arcgis\desktop10.1\ArcToolbox\Toolboxes\Data Management Tools.tbx\DeleteRows" Date="20140818" Time="220349" Name="" export="">DeleteRows "Database Connections\dc_gis_gis_planning.sde\GIS_PLANNING.Zoning_BaseDistricts"</Process><Process ToolSource="e:\arcgis\desktop10.1\ArcToolbox\Toolboxes\Data Management Tools.tbx\Append" Date="20140818" Time="220441" Name="" export="">Append 'Database Connections\dc_gis_gis_planning.sde\GIS_PLANNING.Zoning_BaseDistricts_TEMP' "Database Connections\dc_gis_gis_planning.sde\GIS_PLANNING.Zoning_BaseDistricts" TEST # #</Process><Process ToolSource="e:\arcgis\desktop10.1\ArcToolbox\Toolboxes\Data Management Tools.tbx\DeleteRows" Date="20140820" Time="220320" Name="" export="">DeleteRows "Database Connections\dc_gis_gis_planning.sde\GIS_PLANNING.Zoning_BaseDistricts"</Process><Process ToolSource="e:\arcgis\desktop10.1\ArcToolbox\Toolboxes\Data Management Tools.tbx\Append" Date="20140820" Time="220432" Name="" export="">Append 'Database Connections\dc_gis_gis_planning.sde\GIS_PLANNING.Zoning_BaseDistricts_TEMP' "Database Connections\dc_gis_gis_planning.sde\GIS_PLANNING.Zoning_BaseDistricts" TEST # #</Process><Process ToolSource="e:\arcgis\desktop10.1\ArcToolbox\Toolboxes\Data Management Tools.tbx\DeleteRows" Date="20140827" Time="220323" Name="" export="">DeleteRows "Database Connections\dc_gis_gis_planning.sde\GIS_PLANNING.Zoning_BaseDistricts"</Process><Process ToolSource="e:\arcgis\desktop10.1\ArcToolbox\Toolboxes\Data Management Tools.tbx\Append" Date="20140827" Time="220418" Name="" export="">Append 'Database Connections\dc_gis_gis_planning.sde\GIS_PLANNING.Zoning_BaseDistricts_TEMP' "Database Connections\dc_gis_gis_planning.sde\GIS_PLANNING.Zoning_BaseDistricts" TEST # #</Process><Process ToolSource="e:\arcgis\desktop10.1\ArcToolbox\Toolboxes\Data Management Tools.tbx\DeleteRows" Date="20140829" Time="062123" Name="" export="">DeleteRows "Database Connections\dc_gis_gis_planning.sde\GIS_PLANNING.Zoning_BaseDistricts"</Process><Process ToolSource="e:\arcgis\desktop10.1\ArcToolbox\Toolboxes\Data Management Tools.tbx\Append" Date="20140829" Time="062230" Name="" export="">Append 'Database Connections\dc_gis_gis_planning.sde\GIS_PLANNING.Zoning_BaseDistricts_TEMP' "Database Connections\dc_gis_gis_planning.sde\GIS_PLANNING.Zoning_BaseDistricts" TEST # #</Process><Process ToolSource="e:\arcgis\desktop10.1\ArcToolbox\Toolboxes\Data Management Tools.tbx\DeleteRows" Date="20140829" Time="220417" Name="" export="">DeleteRows "Database Connections\dc_gis_gis_planning.sde\GIS_PLANNING.Zoning_BaseDistricts"</Process><Process ToolSource="e:\arcgis\desktop10.1\ArcToolbox\Toolboxes\Data Management Tools.tbx\Append" Date="20140829" Time="220525" Name="" export="">Append 'Database Connections\dc_gis_gis_planning.sde\GIS_PLANNING.Zoning_BaseDistricts_TEMP' "Database Connections\dc_gis_gis_planning.sde\GIS_PLANNING.Zoning_BaseDistricts" TEST # #</Process><Process ToolSource="e:\arcgis\desktop10.1\ArcToolbox\Toolboxes\Data Management Tools.tbx\DeleteRows" Date="20140901" Time="220342" Name="" export="">DeleteRows "Database Connections\dc_gis_gis_planning.sde\GIS_PLANNING.Zoning_BaseDistricts"</Process><Process ToolSource="e:\arcgis\desktop10.1\ArcToolbox\Toolboxes\Data Management Tools.tbx\Append" Date="20140901" Time="220504" Name="" export="">Append 'Database Connections\dc_gis_gis_planning.sde\GIS_PLANNING.Zoning_BaseDistricts_TEMP' "Database Connections\dc_gis_gis_planning.sde\GIS_PLANNING.Zoning_BaseDistricts" TEST # #</Process><Process ToolSource="e:\arcgis\desktop10.1\ArcToolbox\Toolboxes\Data Management Tools.tbx\DeleteRows" Date="20140902" Time="220451" Name="" export="">DeleteRows "Database Connections\dc_gis_gis_planning.sde\GIS_PLANNING.Zoning_BaseDistricts"</Process><Process ToolSource="e:\arcgis\desktop10.1\ArcToolbox\Toolboxes\Data Management Tools.tbx\Append" Date="20140902" Time="220608" Name="" export="">Append 'Database Connections\dc_gis_gis_planning.sde\GIS_PLANNING.Zoning_BaseDistricts_TEMP' "Database Connections\dc_gis_gis_planning.sde\GIS_PLANNING.Zoning_BaseDistricts" TEST # #</Process><Process ToolSource="e:\arcgis\desktop10.1\ArcToolbox\Toolboxes\Data Management Tools.tbx\DeleteRows" Date="20140903" Time="220501" Name="" export="">DeleteRows "Database Connections\dc_gis_gis_planning.sde\GIS_PLANNING.Zoning_BaseDistricts"</Process><Process ToolSource="e:\arcgis\desktop10.1\ArcToolbox\Toolboxes\Data Management Tools.tbx\Append" Date="20140903" Time="220619" Name="" export="">Append 'Database Connections\dc_gis_gis_planning.sde\GIS_PLANNING.Zoning_BaseDistricts_TEMP' "Database Connections\dc_gis_gis_planning.sde\GIS_PLANNING.Zoning_BaseDistricts" TEST # #</Process><Process ToolSource="e:\arcgis\desktop10.1\ArcToolbox\Toolboxes\Data Management Tools.tbx\DeleteRows" Date="20140911" Time="221148">DeleteRows "Database Connections\dc_gis_gis_planning.sde\GIS_PLANNING.Zoning_BaseDistricts"</Process><Process ToolSource="e:\arcgis\desktop10.1\ArcToolbox\Toolboxes\Data Management Tools.tbx\Append" Date="20140911" Time="221309">Append 'Database Connections\dc_gis_gis_planning.sde\GIS_PLANNING.Zoning_BaseDistricts_TEMP' "Database Connections\dc_gis_gis_planning.sde\GIS_PLANNING.Zoning_BaseDistricts" TEST # #</Process><Process ToolSource="e:\arcgis\desktop10.1\ArcToolbox\Toolboxes\Data Management Tools.tbx\DeleteRows" Date="20140912" Time="221031">DeleteRows "Database Connections\dc_gis_gis_planning.sde\GIS_PLANNING.Zoning_BaseDistricts"</Process><Process ToolSource="e:\arcgis\desktop10.1\ArcToolbox\Toolboxes\Data Management Tools.tbx\Append" Date="20140912" Time="221150">Append 'Database Connections\dc_gis_gis_planning.sde\GIS_PLANNING.Zoning_BaseDistricts_TEMP' "Database Connections\dc_gis_gis_planning.sde\GIS_PLANNING.Zoning_BaseDistricts" TEST # #</Process><Process ToolSource="e:\arcgis\desktop10.1\ArcToolbox\Toolboxes\Data Management Tools.tbx\DeleteRows" Date="20140915" Time="221119">DeleteRows "Database Connections\dc_gis_gis_planning.sde\GIS_PLANNING.Zoning_BaseDistricts"</Process><Process ToolSource="e:\arcgis\desktop10.1\ArcToolbox\Toolboxes\Data Management Tools.tbx\Append" Date="20140915" Time="221241">Append 'Database Connections\dc_gis_gis_planning.sde\GIS_PLANNING.Zoning_BaseDistricts_TEMP' "Database Connections\dc_gis_gis_planning.sde\GIS_PLANNING.Zoning_BaseDistricts" TEST # #</Process><Process ToolSource="e:\arcgis\desktop10.1\ArcToolbox\Toolboxes\Data Management Tools.tbx\DeleteRows" Date="20140916" Time="220559">DeleteRows "Database Connections\dc_gis_gis_planning.sde\GIS_PLANNING.Zoning_BaseDistricts"</Process><Process ToolSource="e:\arcgis\desktop10.1\ArcToolbox\Toolboxes\Data Management Tools.tbx\Append" Date="20140916" Time="220949">Append 'Database Connections\dc_gis_gis_planning.sde\GIS_PLANNING.Zoning_BaseDistricts_TEMP' "Database Connections\dc_gis_gis_planning.sde\GIS_PLANNING.Zoning_BaseDistricts" TEST # #</Process><Process ToolSource="c:\program files (x86)\arcgis\desktop10.2\ArcToolbox\Toolboxes\Data Management Tools.tbx\CopyFeatures" Date="20140918" Time="124347">CopyFeatures temp_layer "R:\Abby\GitHub Files\Zoning_Base_Districts\shapefile\temp\Zoning_Base_Districts.shp" # 0 0 0</Process><Process ToolSource="c:\program files (x86)\arcgis\desktop10.2\ArcToolbox\Toolboxes\Data Management Tools.tbx\Project" Date="20140918" Time="124406">Project "R:\Abby\GitHub Files\Zoning_Base_Districts\shapefile\temp\Zoning_Base_Districts.shp" "R:\Abby\GitHub Files\Zoning_Base_Districts\shapefile\Zoning_Base_Districts.shp" GEOGCS['GCS_WGS_1984',DATUM['D_WGS_1984',SPHEROID['WGS_1984',6378137.0,298.257223563]],PRIMEM['Greenwich',0.0],UNIT['Degree',0.0174532925199433]] WGS_1984_(ITRF00)_To_NAD_1983 PROJCS['NAD_1983_StatePlane_Pennsylvania_South_FIPS_3702_Feet',GEOGCS['GCS_North_American_1983',DATUM['D_North_American_1983',SPHEROID['GRS_1980',6378137.0,298.257222101]],PRIMEM['Greenwich',0.0],UNIT['Degree',0.0174532925199433]],PROJECTION['Lambert_Conformal_Conic'],PARAMETER['False_Easting',1968500.0],PARAMETER['False_Northing',0.0],PARAMETER['Central_Meridian',-77.75],PARAMETER['Standard_Parallel_1',39.93333333333333],PARAMETER['Standard_Parallel_2',40.96666666666667],PARAMETER['Latitude_Of_Origin',39.33333333333334],UNIT['Foot_US',0.3048006096012192]]</Process></lineage><itemProps><itemName Sync="TRUE">Zoning_Base_Districts</itemName><nativeExtBox><westBL Sync="TRUE">2660596.805037</westBL><eastBL Sync="TRUE">2750095.750055</eastBL><southBL Sync="TRUE">206003.800187</southBL><northBL Sync="TRUE">304914.374019</northBL><exTypeCode Sync="TRUE">1</exTypeCode></nativeExtBox><itemLocation><linkage Sync="TRUE">file://\\pcpcsrv.city.phila.local\gisshare\Abby\GitHub Files\Zoning_Base_Districts\shapefile\temp\Zoning_Base_Districts.shp</linkage><protocol Sync="TRUE">Local Area Network</protocol></itemLocation><imsContentType Sync="TRUE">002</imsContentType><itemSize Sync="TRUE">0.000</itemSize></itemProps><coordRef><type Sync="TRUE">Projected</type><geogcsn Sync="TRUE">GCS_North_American_1983</geogcsn><csUnits Sync="TRUE">Linear Unit: Foot_US (0.304801)</csUnits><projcsn Sync="TRUE">NAD_1983_StatePlane_Pennsylvania_South_FIPS_3702_Feet</projcsn><peXml Sync="TRUE">&lt;ProjectedCoordinateSystem xsi:type='typens:ProjectedCoordinateSystem' xmlns:xsi='http://www.w3.org/2001/XMLSchema-instance' xmlns:xs='http://www.w3.org/2001/XMLSchema' xmlns:typens='http://www.esri.com/schemas/ArcGIS/10.1'&gt;&lt;WKT&gt;PROJCS[&amp;quot;NAD_1983_StatePlane_Pennsylvania_South_FIPS_3702_Feet&amp;quot;,GEOGCS[&amp;quot;GCS_North_American_1983&amp;quot;,DATUM[&amp;quot;D_North_American_1983&amp;quot;,SPHEROID[&amp;quot;GRS_1980&amp;quot;,6378137.0,298.257222101]],PRIMEM[&amp;quot;Greenwich&amp;quot;,0.0],UNIT[&amp;quot;Degree&amp;quot;,0.0174532925199433]],PROJECTION[&amp;quot;Lambert_Conformal_Conic&amp;quot;],PARAMETER[&amp;quot;False_Easting&amp;quot;,1968500.0],PARAMETER[&amp;quot;False_Northing&amp;quot;,0.0],PARAMETER[&amp;quot;Central_Meridian&amp;quot;,-77.75],PARAMETER[&amp;quot;Standard_Parallel_1&amp;quot;,39.93333333333333],PARAMETER[&amp;quot;Standard_Parallel_2&amp;quot;,40.96666666666667],PARAMETER[&amp;quot;Latitude_Of_Origin&amp;quot;,39.33333333333334],UNIT[&amp;quot;Foot_US&amp;quot;,0.3048006096012192],AUTHORITY[&amp;quot;EPSG&amp;quot;,2272]]&lt;/WKT&gt;&lt;XOrigin&gt;-119214200&lt;/XOrigin&gt;&lt;YOrigin&gt;-96198500&lt;/YOrigin&gt;&lt;XYScale&gt;37163717.489134133&lt;/XYScale&gt;&lt;ZOrigin&gt;-100000&lt;/ZOrigin&gt;&lt;ZScale&gt;10000&lt;/ZScale&gt;&lt;MOrigin&gt;-100000&lt;/MOrigin&gt;&lt;MScale&gt;10000&lt;/MScale&gt;&lt;XYTolerance&gt;0.0032808333333333331&lt;/XYTolerance&gt;&lt;ZTolerance&gt;0.001&lt;/ZTolerance&gt;&lt;MTolerance&gt;0.001&lt;/MTolerance&gt;&lt;HighPrecision&gt;true&lt;/HighPrecision&gt;&lt;WKID&gt;102729&lt;/WKID&gt;&lt;LatestWKID&gt;2272&lt;/LatestWKID&gt;&lt;/ProjectedCoordinateSystem&gt;</peXml></coordRef></DataProperties><ArcGISProfile>ItemDescription</ArcGISProfile><ArcGISFormat>1.0</ArcGISFormat><scaleRange><minScale>150000000</minScale><maxScale>5000</maxScale></scaleRange></Esri><mdLang><languageCode value="en"/><countryCode value="US"/></mdLang><mdChar><CharSetCd value="005"/></mdChar><mdHrLv><ScopeCd value="005"/></mdHrLv><mdHrLvName Sync="TRUE">dataset</mdHrLvName><mdDateSt Sync="TRUE">20140918</mdDateSt><distInfo><distFormat><formatName Sync="TRUE">Shapefile</formatName></distFormat><distTranOps><transSize Sync="TRUE">0.000</transSize></distTranOps></distInfo><dataIdInfo><idPurp>Boundaries of the City of Philadelphia Zoning Base Districts enacted December 15, 2011 and made effective August 22, 2012.

- Features updated:  09/04/2014
- Attributes updated: 09/04/2014
- Metadata updated  09/04/2014
</idPurp><idAbs>&lt;DIV STYLE="text-align:Left;"&gt;&lt;DIV&gt;&lt;DIV&gt;&lt;P STYLE="margin:0 0 0 0;"&gt;&lt;SPAN&gt;Polygon boundaries of Zoning Base Districts based on existing City zoning districts with revised codes applied per enactment of the new Zoning Code of December 2011, made effective August 22, 2012. District boundaries unchanged from previous zoning with the exception of certain CMX2 / CMX2.5 splits.&lt;/SPAN&gt;&lt;/P&gt;&lt;P STYLE="margin:0 0 0 0;"&gt;&lt;SPAN /&gt;&lt;/P&gt;&lt;UL STYLE="margin:0 0 0 0;padding:0 0 0 0;"&gt;&lt;LI&gt;&lt;P STYLE="font-weight:bold;"&gt;&lt;SPAN&gt;&lt;SPAN&gt;Data Development:&lt;/SPAN&gt;&lt;/SPAN&gt;&lt;/P&gt;&lt;/LI&gt;&lt;LI&gt;&lt;P STYLE="font-weight:bold;"&gt;&lt;SPAN /&gt;&lt;SPAN /&gt;&lt;/P&gt;&lt;/LI&gt;&lt;/UL&gt;&lt;P STYLE="margin:0 0 0 0;"&gt;&lt;SPAN STYLE="font-weight:bold;"&gt;CODE – &lt;/SPAN&gt;&lt;SPAN&gt;Zoning code without the dash (often used for labeling maps at small scales)&lt;/SPAN&gt;&lt;/P&gt;&lt;P STYLE="margin:0 0 0 0;"&gt;&lt;SPAN /&gt;&lt;SPAN /&gt;&lt;/P&gt;&lt;P STYLE="margin:0 0 0 0;"&gt;&lt;SPAN STYLE="font-weight:bold;"&gt;LONG_CODE – &lt;/SPAN&gt;&lt;SPAN&gt;The Zoning code with the dash included&lt;/SPAN&gt;&lt;/P&gt;&lt;P STYLE="margin:0 0 0 0;"&gt;&lt;SPAN /&gt;&lt;SPAN /&gt;&lt;/P&gt;&lt;P STYLE="margin:0 0 14 0;"&gt;&lt;SPAN STYLE="font-weight:bold;"&gt;ZONING GROUP – &lt;/SPAN&gt;&lt;SPAN&gt;generalized group of zoning codes (i.e. Residential Multi-Family, Residential/Residential Mixed-Use, Commercial/Commercial Mixed-Use...)&lt;/SPAN&gt;&lt;/P&gt;&lt;P STYLE="font-weight:bold;"&gt;&lt;SPAN&gt;Thematic mapping &lt;/SPAN&gt;&lt;/P&gt;&lt;P STYLE="margin:0 0 0 0;"&gt;&lt;SPAN&gt;&lt;SPAN&gt;CODE – Zoning code without the dash (often used for labeling maps at small scales)&lt;/SPAN&gt;&lt;/SPAN&gt;&lt;/P&gt;&lt;P STYLE="margin:0 0 0 0;"&gt;&lt;SPAN /&gt;&lt;SPAN /&gt;&lt;/P&gt;&lt;P STYLE="margin:0 0 0 0;"&gt;&lt;SPAN&gt;&lt;SPAN&gt;LONG_CODE – The Zoning code with the dash included&lt;/SPAN&gt;&lt;/SPAN&gt;&lt;/P&gt;&lt;P STYLE="margin:0 0 0 0;"&gt;&lt;SPAN /&gt;&lt;SPAN /&gt;&lt;/P&gt;&lt;P STYLE="margin:0 0 14 0;"&gt;&lt;SPAN&gt;ZONIN_ GROUP – generalized group of zoning codes (i.e. Residential Multi-Family, Residential/Residential Mixed-Use, Commercial/Commercial Mixed-Use...)&lt;/SPAN&gt;&lt;/P&gt;&lt;UL STYLE="margin:0 0 0 0;padding:0 0 0 0;"&gt;&lt;LI&gt;&lt;P&gt;&lt;SPAN&gt;To obtain a Zoning Base District layer file, please contact Darshna Patel (darshna.patel@phila.gov, (215) 683-4611) or Pauline Loughlin (pauline.loughlin@phila.gov, (215) 683 - 4662).&lt;/SPAN&gt;&lt;/P&gt;&lt;/LI&gt;&lt;LI&gt;&lt;P&gt;&lt;SPAN /&gt;&lt;/P&gt;&lt;/LI&gt;&lt;LI&gt;&lt;P STYLE="font-weight:bold;"&gt;&lt;SPAN&gt;&lt;SPAN&gt;Other Information&lt;/SPAN&gt;&lt;/SPAN&gt;&lt;/P&gt;&lt;/LI&gt;&lt;LI&gt;&lt;P STYLE="font-weight:bold;"&gt;&lt;SPAN /&gt;&lt;SPAN /&gt;&lt;/P&gt;&lt;UL STYLE="margin:0 0 0 0;padding:0 0 0 0;"&gt;&lt;LI&gt;&lt;P&gt;&lt;SPAN&gt;This layer has two related tables. These related tables are great assets for quickly executing zoning-related queries (i.e. all zoning districts categorized as Residential Single Family Detached, all zoning districts falling within the Residential Multi-Family generalized group, or all districts categorized as Auot-Oriented Commercial 1 and 2...)&lt;/SPAN&gt;&lt;/P&gt;&lt;/LI&gt;&lt;LI&gt;&lt;P&gt;&lt;SPAN /&gt;&lt;/P&gt;&lt;/LI&gt;&lt;LI&gt;&lt;P&gt;&lt;SPAN STYLE="font-weight:bold;"&gt;Zoning_Descriptions - &lt;/SPAN&gt;&lt;SPAN&gt;This table names the detailed zoning description for each zoning code (i.e. Residential Single Family Detached-3, Residential Mixed-Use-2, Industrial Commercial Mixed-Use...)&lt;/SPAN&gt;&lt;/P&gt;&lt;/LI&gt;&lt;LI&gt;&lt;P&gt;&lt;SPAN /&gt;&lt;/P&gt;&lt;/LI&gt;&lt;/UL&gt;&lt;/LI&gt;&lt;LI&gt;&lt;P&gt;&lt;SPAN STYLE="font-weight:bold;"&gt;Zoning_Generalized_Groups - &lt;/SPAN&gt;&lt;SPAN&gt;generalized group of zoning codes (i.e. Residential Multi-Family, Residential/Residential Mixed-Use, Commercial/Commercial Mixed-Use...)&lt;/SPAN&gt;&lt;/P&gt;&lt;/LI&gt;&lt;LI&gt;&lt;P&gt;&lt;SPAN /&gt;&lt;/P&gt;&lt;/LI&gt;&lt;LI&gt;&lt;P STYLE="font-weight:bold;"&gt;&lt;SPAN STYLE="font-size:12pt"&gt;Philadelphia Zoning-Related Websites:&lt;/SPAN&gt;&lt;/P&gt;&lt;/LI&gt;&lt;/UL&gt;&lt;P STYLE="font-weight:bold;"&gt;&lt;SPAN STYLE="font-size:12pt"&gt;Zoning Code -- &lt;/SPAN&gt;&lt;SPAN STYLE="font-size:12pt"&gt;http://www.amlegal.com/library/pa/philadelphia.shtml and navigate to Title 14&lt;/SPAN&gt;&lt;/P&gt;&lt;P STYLE="font-weight:bold;"&gt;&lt;SPAN STYLE="font-size:12pt"&gt;Zonng Map -- &lt;/SPAN&gt;&lt;SPAN STYLE="font-size:12pt"&gt;http://www.phila.gov/map On pop-up menu scroll down to 'Zoning'&lt;/SPAN&gt;&lt;/P&gt;&lt;P STYLE="font-weight:bold;"&gt;&lt;SPAN STYLE="font-size:12pt"&gt;Zoning Administration Manual -- &lt;/SPAN&gt;&lt;SPAN STYLE="font-size:12pt"&gt;http://www.phila.gov/CityPlanning/projectreviews/Pages/Zoning.aspx&lt;/SPAN&gt;&lt;/P&gt;&lt;UL STYLE="margin:0 0 0 0;padding:0 0 0 0;"&gt;&lt;LI&gt;&lt;P&gt;&lt;SPAN /&gt;&lt;/P&gt;&lt;/LI&gt;&lt;LI&gt;&lt;P&gt;&lt;SPAN&gt;-------------------------------------------------&lt;/SPAN&gt;&lt;/P&gt;&lt;/LI&gt;&lt;/UL&gt;&lt;P&gt;&lt;SPAN&gt;&lt;SPAN&gt;Projection: Lambert Conformal Conic&lt;/SPAN&gt;&lt;/SPAN&gt;&lt;/P&gt;&lt;P&gt;&lt;SPAN&gt;&lt;SPAN&gt;XY Coordinate System: NAD 1983 StatePlane Pennsylvania South FIPS 3702 (US Feet)&lt;/SPAN&gt;&lt;/SPAN&gt;&lt;/P&gt;&lt;P&gt;&lt;SPAN&gt;&lt;SPAN&gt;Datum: NAD 1983&lt;/SPAN&gt;&lt;/SPAN&gt;&lt;/P&gt;&lt;P&gt;&lt;SPAN&gt;Units of Measurement: Foot_US&lt;/SPAN&gt;&lt;/P&gt;&lt;P&gt;&lt;SPAN /&gt;&lt;/P&gt;&lt;/DIV&gt;&lt;/DIV&gt;&lt;/DIV&gt;</idAbs><idCredit>Natalie Shieh and Pauline Loughlin
Philadelphia City Planning Commission
1515 Arch Street, 13 Fl, Philadelphia, PA  19102
natalie.shieh@phila.gov, (215) 683 - 4652; pauline.loughlin@phila.gov, (215) 683 - 4662
GIS Manager: Darshna Patel
darshna.patel@phila.gov, (215) 683-4611
</idCredit><idCitation><resTitle Sync="TRUE">Zoning_Base_Districts</resTitle><presForm><PresFormCd value="005"/></presForm></idCitation><searchKeys><keyword>Philadelphia City Planning Commission</keyword><keyword>City of Philadelphia</keyword><keyword>Planning</keyword><keyword>City Planning</keyword><keyword>PCPC</keyword><keyword>Philadelphia</keyword><keyword>City of Philadelphia</keyword><keyword>Zoning</keyword><keyword>Residential</keyword><keyword>Commercial</keyword><keyword>Industrial</keyword><keyword>Special Purpose</keyword><keyword>Sports Stadium</keyword><keyword>Entertainment</keyword><keyword>Institutional</keyword><keyword>Mixed-Use</keyword><keyword>Parks</keyword><keyword>Open Space</keyword><keyword>Airport</keyword><keyword>District</keyword><keyword>Base Zoning</keyword><keyword>Base Districts</keyword><keyword>Base Zoning Districts</keyword><keyword>New Code</keyword><keyword>New Zoning Code</keyword><keyword>Auto-Oriented</keyword><keyword>Casions</keyword></searchKeys><resConst><Consts><useLimit>&lt;DIV STYLE="text-align:Left;"&gt;&lt;DIV&gt;&lt;DIV&gt;&lt;P STYLE="margin:0 0 0 48;"&gt;&lt;SPAN&gt;&lt;SPAN&gt;The City of Philadelphia makes no representation about the accuracy of any specific information in this GIS data and is provided “as is” and without Warranty of any kind. The user of this data will assume complete responsibility for any and all occurrences resulting from its use or display and will hold the City of Philadelphia harmless from any and all claims, demands, liabilities, obligations, damages, suits, judgments or settlements, including reasonable costs and attorneys' fees, that arise from use of this data.&lt;/SPAN&gt;&lt;/SPAN&gt;&lt;/P&gt;&lt;P STYLE="margin:0 0 0 0;"&gt;&lt;SPAN /&gt;&lt;/P&gt;&lt;/DIV&gt;&lt;/DIV&gt;&lt;/DIV&gt;</useLimit></Consts></resConst><envirDesc Sync="TRUE">Microsoft Windows 7 Version 6.1 (Build 7601) Service Pack 1; Esri ArcGIS 10.2.2.3552</envirDesc><dataLang><languageCode value="en"/><countryCode value="US"/></dataLang><spatRpType><SpatRepTypCd value="001"/></spatRpType><dataExt><geoEle xmlns=""><GeoBndBox esriExtentType="search"><exTypeCode>1</exTypeCode><westBL Sync="TRUE">-75.283955</westBL><eastBL Sync="TRUE">-74.954103</eastBL><northBL Sync="TRUE">40.143718</northBL><southBL Sync="TRUE">39.865001</southBL></GeoBndBox></geoEle></dataExt></dataIdInfo><spatRepInfo><VectSpatRep><geometObjs Name="Zoning_Base_Districts"><geoObjTyp><GeoObjTypCd value="002" Sync="TRUE"></GeoObjTypCd></geoObjTyp><geoObjCnt Sync="TRUE">0</geoObjCnt></geometObjs><topLvl><TopoLevCd value="001" Sync="TRUE"></TopoLevCd></topLvl></VectSpatRep></spatRepInfo><refSysInfo><RefSystem><refSysID><identCode code="2272" value="2272"/><idCodeSpace Sync="TRUE">EPSG</idCodeSpace><idVersion Sync="TRUE">8.2.6</idVersion></refSysID></RefSystem></refSysInfo><eainfo><detailed Name="Zoning_Base_Districts"><enttyp><enttypl Sync="TRUE">Zoning_Base_Districts</enttypl><enttypt Sync="TRUE">Feature Class</enttypt><enttypc Sync="TRUE">0</enttypc></enttyp><attr><attrlabl Sync="TRUE">FID</attrlabl><attalias Sync="TRUE">FID</attalias><attrtype Sync="TRUE">OID</attrtype><attwidth Sync="TRUE">4</attwidth><atprecis Sync="TRUE">0</atprecis><attscale Sync="TRUE">0</attscale><attrdef Sync="TRUE">Internal feature number.</attrdef><attrdefs Sync="TRUE">Esri</attrdefs><attrdomv><udom Sync="TRUE">Sequential unique whole numbers that are automatically generated.</udom></attrdomv></attr><attr><attrlabl>CODE</attrlabl><attalias Sync="TRUE">CODE</attalias><attrtype Sync="TRUE">String</attrtype><attwidth Sync="TRUE">8</attwidth><atprecis Sync="TRUE">0</atprecis><attscale Sync="TRUE">0</attscale></attr><attr><attrlabl>Shape</attrlabl><attrdef>Feature geometry.</attrdef><attrdefs>ESRI</attrdefs><attrdomv><udom>Coordinates defining the features.</udom></attrdomv><attalias Sync="TRUE">Shape</attalias><attrtype Sync="TRUE">Geometry</attrtype><attwidth Sync="TRUE">0</attwidth><atprecis Sync="TRUE">0</atprecis><attscale Sync="TRUE">0</attscale></attr><attr><attrlabl>LONG_CODE</attrlabl><attalias Sync="TRUE">LONG_CODE</attalias><attrtype Sync="TRUE">String</attrtype><attwidth Sync="TRUE">10</attwidth><atprecis Sync="TRUE">0</atprecis><attscale Sync="TRUE">0</attscale></attr><attr><attrlabl Sync="TRUE">PENDING</attrlabl><attalias Sync="TRUE">PENDING</attalias><attrtype Sync="TRUE">String</attrtype><attwidth Sync="TRUE">10</attwidth><atprecis Sync="TRUE">0</atprecis><attscale Sync="TRUE">0</attscale></attr><attr><attrlabl Sync="TRUE">ZONINGGROU</attrlabl><attalias Sync="TRUE">ZONINGGROU</attalias><attrtype Sync="TRUE">String</attrtype><attwidth Sync="TRUE">50</attwidth><atprecis Sync="TRUE">0</atprecis><attscale Sync="TRUE">0</attscale></attr><attr><attrlabl>CITYCOR</attrlabl><attalias Sync="TRUE">CITYCOR</attalias><attrtype Sync="TRUE">Integer</attrtype><attwidth Sync="TRUE">5</attwidth><atprecis Sync="TRUE">5</atprecis><attscale Sync="TRUE">0</attscale></attr><attr><attrlabl Sync="TRUE">PENDINGBIL</attrlabl><attalias Sync="TRUE">PENDINGBIL</attalias><attrtype Sync="TRUE">String</attrtype><attwidth Sync="TRUE">15</attwidth><atprecis Sync="TRUE">0</atprecis><attscale Sync="TRUE">0</attscale></attr><attr><attrlabl Sync="TRUE">PENDINGB_1</attrlabl><attalias Sync="TRUE">PENDINGB_1</attalias><attrtype Sync="TRUE">String</attrtype><attwidth Sync="TRUE">175</attwidth><atprecis Sync="TRUE">0</atprecis><attscale Sync="TRUE">0</attscale></attr><attr><attrlabl Sync="TRUE">SHAPE_AREA</attrlabl><attalias Sync="TRUE">SHAPE_AREA</attalias><attrtype Sync="TRUE">Double</attrtype><attwidth Sync="TRUE">19</attwidth><atprecis Sync="TRUE">0</atprecis><attscale Sync="TRUE">0</attscale><attrdef Sync="TRUE">Area of feature in internal units squared.</attrdef><attrdefs Sync="TRUE">Esri</attrdefs><attrdomv><udom Sync="TRUE">Positive real numbers that are automatically generated.</udom></attrdomv></attr><attr><attrlabl Sync="TRUE">SHAPE_LEN</attrlabl><attalias Sync="TRUE">SHAPE_LEN</attalias><attrtype Sync="TRUE">Double</attrtype><attwidth Sync="TRUE">19</attwidth><atprecis Sync="TRUE">0</atprecis><attscale Sync="TRUE">0</attscale></attr></detailed></eainfo><spdoinfo><ptvctinf><esriterm Name="Zoning_Base_Districts"><efeatyp Sync="TRUE">Simple</efeatyp><efeageom code="4" Sync="TRUE"></efeageom><esritopo Sync="TRUE">FALSE</esritopo><efeacnt Sync="TRUE">0</efeacnt><spindex Sync="TRUE">FALSE</spindex><linrefer Sync="TRUE">FALSE</linrefer></esriterm></ptvctinf></spdoinfo></metadata>
