<?xml version="1.0" encoding="UTF-8"?>
<metadata xml:lang="en"><Esri><CreaDate>20140707</CreaDate><CreaTime>09584000</CreaTime><ArcGISFormat>1.0</ArcGISFormat><ArcGISstyle>FGDC CSDGM Metadata</ArcGISstyle><SyncOnce>FALSE</SyncOnce><DataProperties><itemProps><itemName Sync="TRUE">Zoning_Overlays</itemName><nativeExtBox><westBL Sync="TRUE">2660464.832728</westBL><eastBL Sync="TRUE">2750114.655610</eastBL><southBL Sync="TRUE">204651.049783</southBL><northBL Sync="TRUE">304942.427732</northBL><exTypeCode Sync="TRUE">1</exTypeCode></nativeExtBox><itemLocation><linkage Sync="TRUE">file://\\OIT-L-JC1GSY1\C$\Users\abigail.poses\Desktop\Zoning_Overlays\shapefile\temp\Zoning_Overlays.shp</linkage><protocol Sync="TRUE">Local Area Network</protocol></itemLocation><imsContentType Sync="TRUE">002</imsContentType><itemSize Sync="TRUE">0.000</itemSize></itemProps><coordRef><type Sync="TRUE">Projected</type><geogcsn Sync="TRUE">GCS_North_American_1983</geogcsn><csUnits Sync="TRUE">Linear Unit: Foot_US (0.304801)</csUnits><projcsn Sync="TRUE">NAD_1983_StatePlane_Pennsylvania_South_FIPS_3702_Feet</projcsn><peXml Sync="TRUE">&lt;ProjectedCoordinateSystem xsi:type='typens:ProjectedCoordinateSystem' xmlns:xsi='http://www.w3.org/2001/XMLSchema-instance' xmlns:xs='http://www.w3.org/2001/XMLSchema' xmlns:typens='http://www.esri.com/schemas/ArcGIS/10.1'&gt;&lt;WKT&gt;PROJCS[&amp;quot;NAD_1983_StatePlane_Pennsylvania_South_FIPS_3702_Feet&amp;quot;,GEOGCS[&amp;quot;GCS_North_American_1983&amp;quot;,DATUM[&amp;quot;D_North_American_1983&amp;quot;,SPHEROID[&amp;quot;GRS_1980&amp;quot;,6378137.0,298.257222101]],PRIMEM[&amp;quot;Greenwich&amp;quot;,0.0],UNIT[&amp;quot;Degree&amp;quot;,0.0174532925199433]],PROJECTION[&amp;quot;Lambert_Conformal_Conic&amp;quot;],PARAMETER[&amp;quot;False_Easting&amp;quot;,1968500.0],PARAMETER[&amp;quot;False_Northing&amp;quot;,0.0],PARAMETER[&amp;quot;Central_Meridian&amp;quot;,-77.75],PARAMETER[&amp;quot;Standard_Parallel_1&amp;quot;,39.93333333333333],PARAMETER[&amp;quot;Standard_Parallel_2&amp;quot;,40.96666666666667],PARAMETER[&amp;quot;Latitude_Of_Origin&amp;quot;,39.33333333333334],UNIT[&amp;quot;Foot_US&amp;quot;,0.3048006096012192],AUTHORITY[&amp;quot;EPSG&amp;quot;,2272]]&lt;/WKT&gt;&lt;XOrigin&gt;-119214200&lt;/XOrigin&gt;&lt;YOrigin&gt;-96198500&lt;/YOrigin&gt;&lt;XYScale&gt;37163717.489134133&lt;/XYScale&gt;&lt;ZOrigin&gt;-100000&lt;/ZOrigin&gt;&lt;ZScale&gt;10000&lt;/ZScale&gt;&lt;MOrigin&gt;-100000&lt;/MOrigin&gt;&lt;MScale&gt;10000&lt;/MScale&gt;&lt;XYTolerance&gt;0.0032808333333333331&lt;/XYTolerance&gt;&lt;ZTolerance&gt;0.001&lt;/ZTolerance&gt;&lt;MTolerance&gt;0.001&lt;/MTolerance&gt;&lt;HighPrecision&gt;true&lt;/HighPrecision&gt;&lt;WKID&gt;102729&lt;/WKID&gt;&lt;LatestWKID&gt;2272&lt;/LatestWKID&gt;&lt;/ProjectedCoordinateSystem&gt;</peXml></coordRef><lineage><Process ToolSource="D:\Program Files\ArcGIS\Desktop10.0\ArcToolbox\Toolboxes\Conversion Tools.tbx\FeatureClassToFeatureClass" Date="20120719" Time="114504" Name="" export="">FeatureClassToFeatureClass N:\A_PCPCGIS_Projects\Zoning_New\zoning_newcode.gdb\Zoning_Overlays2 "Database Connections\gis_planning_account.sde" Zoning_Overlays_2 # "OVERLAY_NAME "NAME" true false false 255 Text 0 0 ,First,#,N:\A_PCPCGIS_Projects\Zoning_New\zoning_newcode.gdb\Zoning_Overlays2,OVERLAY_NAME,-1,-1;OVERLAY_SYMBOL "SYMBOL" true true false 10 Text 0 0 ,First,#,N:\A_PCPCGIS_Projects\Zoning_New\zoning_newcode.gdb\Zoning_Overlays2,OVERLAY_SYMBOL,-1,-1;REGULATION_TYPE "REGULATION TYPE" true true false 255 Text 0 0 ,First,#,N:\A_PCPCGIS_Projects\Zoning_New\zoning_newcode.gdb\Zoning_Overlays2,REGULATION_TYPE,-1,-1;CODE_SECTION "CODE SECTION" true false false 50 Text 0 0 ,First,#,N:\A_PCPCGIS_Projects\Zoning_New\zoning_newcode.gdb\Zoning_Overlays2,CODE_SECTION,-1,-1;CODE_SECTION_LINK "CODE LINK" true true false 255 Text 0 0 ,First,#,N:\A_PCPCGIS_Projects\Zoning_New\zoning_newcode.gdb\Zoning_Overlays2,CODE_SECTION_LINK,-1,-1;SUNSET_DATE "SUNSET_DATE" true true false 8 Date 0 0 ,First,#,N:\A_PCPCGIS_Projects\Zoning_New\zoning_newcode.gdb\Zoning_Overlays2,SUNSET_DATE,-1,-1;SHAPE_Length "SHAPE_Length" false true true 8 Double 0 0 ,First,#,N:\A_PCPCGIS_Projects\Zoning_New\zoning_newcode.gdb\Zoning_Overlays2,SHAPE_Length,-1,-1;SHAPE_Area "SHAPE_Area" false true true 8 Double 0 0 ,First,#,N:\A_PCPCGIS_Projects\Zoning_New\zoning_newcode.gdb\Zoning_Overlays2,SHAPE_Area,-1,-1" #</Process><Process ToolSource="D:\Program Files\ArcGIS\Desktop10.0\ArcToolbox\Toolboxes\Data Management Tools.tbx\ChangePrivileges" Date="20120719" Time="114740">ChangePrivileges 'Database Connections\gis_planning_account.sde\GIS_PLANNING.Zoning_Overlays_2' gis_all_users GRANT #</Process><Process ToolSource="D:\Program Files\ArcGIS\Desktop10.0\ArcToolbox\Toolboxes\Data Management Tools.tbx\ChangePrivileges" Date="20120719" Time="114755">ChangePrivileges 'Database Connections\gis_planning_account.sde\GIS_PLANNING.Zoning_Overlays_2' gis_sde_viewer GRANT #</Process><Process ToolSource="C:\Program Files (x86)\ArcGIS\Desktop10.0\ArcToolbox\Toolboxes\Data Management Tools.tbx\ChangePrivileges" Date="20120720" Time="080918">ChangePrivileges 'Database Connections\dc_170.115.97.104_gis_planning.sde\GIS_PLANNING.Zoning_Overlays_2' gis_all_users GRANT #</Process><Process ToolSource="d:\program files\arcgis\desktop10.0\ArcToolbox\Toolboxes\Conversion Tools.tbx\FeatureClassToFeatureClass" Date="20120808" Time="111756">FeatureClassToFeatureClass "Database Connections\geodb2_viewer.sde\GIS_PLANNING.Zoning_Overlays" R:\latest\shapes\ZCC\ZCCdraftbase.gdb Zoning_Overlays # "OVERLAY_NAME "NAME" true false false 255 Text 0 0 ,First,#,Database Connections\geodb2_viewer.sde\GIS_PLANNING.Zoning_Overlays,OVERLAY_NAME,-1,-1;OVERLAY_SYMBOL "SYMBOL" true true false 10 Text 0 0 ,First,#,Database Connections\geodb2_viewer.sde\GIS_PLANNING.Zoning_Overlays,OVERLAY_SYMBOL,-1,-1;REGULATION_TYPE "REGULATION TYPE" true true false 255 Text 0 0 ,First,#,Database Connections\geodb2_viewer.sde\GIS_PLANNING.Zoning_Overlays,REGULATION_TYPE,-1,-1;CODE_SECTION "CODE SECTION" true false false 50 Text 0 0 ,First,#,Database Connections\geodb2_viewer.sde\GIS_PLANNING.Zoning_Overlays,CODE_SECTION,-1,-1;CODE_SECTION_LINK "CODE LINK" true true false 255 Text 0 0 ,First,#,Database Connections\geodb2_viewer.sde\GIS_PLANNING.Zoning_Overlays,CODE_SECTION_LINK,-1,-1;SUNSET_DATE "SUNSET_DATE" true true false 36 Date 0 0 ,First,#,Database Connections\geodb2_viewer.sde\GIS_PLANNING.Zoning_Overlays,SUNSET_DATE,-1,-1;SHAPE_AREA "SHAPE_AREA" false false true 0 Double 0 0 ,First,#,Database Connections\geodb2_viewer.sde\GIS_PLANNING.Zoning_Overlays,SHAPE.AREA,-1,-1;SHAPE_LEN "SHAPE_LEN" false false true 0 Double 0 0 ,First,#,Database Connections\geodb2_viewer.sde\GIS_PLANNING.Zoning_Overlays,SHAPE.LEN,-1,-1" #</Process><Process ToolSource="d:\program files\arcgis\desktop10.0\ArcToolbox\Toolboxes\Data Management Tools.tbx\AssignDomainToField" Date="20120829" Time="104440">AssignDomainToField R:\latest\shapes\ZCC\ZCCdraftbase.gdb\Zoning_Overlays OVERLAY_SYMBOL OVERLAY_SYMBOL #</Process><Process ToolSource="d:\program files\arcgis\desktop10.0\ArcToolbox\Toolboxes\Data Management Tools.tbx\RemoveDomainFromField" Date="20120829" Time="105641">RemoveDomainFromField R:\latest\shapes\ZCC\ZCCdraftbase.gdb\Zoning_Overlays OVERLAY_SYMBOL #</Process><Process ToolSource="d:\program files\arcgis\desktop10.0\ArcToolbox\Toolboxes\Data Management Tools.tbx\AssignDomainToField" Date="20120829" Time="110302">AssignDomainToField R:\latest\shapes\ZCC\ZCCdraftbase.gdb\Zoning_Overlays OVERLAY_SYMBOL OVERLAY_SYMBOL #</Process><Process ToolSource="d:\program files\arcgis\desktop10.0\ArcToolbox\Toolboxes\Data Management Tools.tbx\RemoveDomainFromField" Date="20120829" Time="110808">RemoveDomainFromField R:\latest\shapes\ZCC\ZCCdraftbase.gdb\Zoning_Overlays OVERLAY_SYMBOL #</Process><Process ToolSource="d:\program files\arcgis\desktop10.0\ArcToolbox\Toolboxes\Data Management Tools.tbx\AssignDomainToField" Date="20120829" Time="121403">AssignDomainToField R:\latest\shapes\ZCC\ZCCdraftbase.gdb\Zoning_Overlays OVERLAY_SYMBOL OverlaySymbol #</Process><Process ToolSource="d:\program files\arcgis\desktop10.0\ArcToolbox\Toolboxes\Data Management Tools.tbx\AssignDomainToField" Date="20120829" Time="145840">AssignDomainToField R:\latest\shapes\ZCC\ZCCdraftbase.gdb\Zoning_Overlays CODE_SECTION CODE_SECTION #</Process><Process ToolSource="d:\program files\arcgis\desktop10.0\ArcToolbox\Toolboxes\Data Management Tools.tbx\AssignDomainToField" Date="20120830" Time="105756">AssignDomainToField R:\latest\shapes\ZCC\ZCCdraftbase.gdb\Zoning_Overlays CODE_SECTION_LINK CODE_SECTION_LINK #</Process><Process ToolSource="d:\program files\arcgis\desktop10.0\ArcToolbox\Toolboxes\Data Management Tools.tbx\AssignDomainToField" Date="20120904" Time="132312">AssignDomainToField R:\latest\shapes\ZCC\ZCCdraftbase.gdb\Zoning_Overlays REGULATION_TYPE RegType #</Process><Process ToolSource="d:\program files\arcgis\desktop10.0\ArcToolbox\Toolboxes\Data Management Tools.tbx\RemoveDomainFromField" Date="20120906" Time="112132">RemoveDomainFromField R:\latest\shapes\ZCC\ZCCdraftbase.gdb\Zoning_Overlays CODE_SECTION_LINK #</Process><Process ToolSource="d:\program files\arcgis\desktop10.0\ArcToolbox\Toolboxes\Data Management Tools.tbx\RemoveDomainFromField" Date="20120906" Time="113805">RemoveDomainFromField R:\latest\shapes\ZCC\ZCCdraftbase.gdb\Zoning_Overlays REGULATION_TYPE #</Process><Process ToolSource="d:\program files\arcgis\desktop10.0\ArcToolbox\Toolboxes\Data Management Tools.tbx\RemoveDomainFromField" Date="20120906" Time="120329">RemoveDomainFromField R:\latest\shapes\ZCC\ZCCdraftbase.gdb\Zoning_Overlays CODE_SECTION_LINK #</Process><Process ToolSource="d:\program files\arcgis\desktop10.0\ArcToolbox\Toolboxes\Data Management Tools.tbx\RemoveDomainFromField" Date="20120906" Time="121429">RemoveDomainFromField R:\latest\shapes\ZCC\ZCCdraftbase.gdb\Zoning_Overlays CODE_SECTION_LINK #</Process><Process ToolSource="d:\program files\arcgis\desktop10.0\ArcToolbox\Toolboxes\Data Management Tools.tbx\CalculateField" Date="20120906" Time="125024">CalculateField Zoning_Overlays CODE_SECTION_LINK [CODE_SECTION] VB #</Process><Process ToolSource="d:\program files\arcgis\desktop10.0\ArcToolbox\Toolboxes\Data Management Tools.tbx\RemoveDomainFromField" Date="20120906" Time="125553">RemoveDomainFromField R:\latest\shapes\ZCC\ZCCdraftbase.gdb\Zoning_Overlays CODE_SECTION_LINK #</Process><Process ToolSource="d:\program files\arcgis\desktop10.0\ArcToolbox\Toolboxes\Data Management Tools.tbx\CalculateField" Date="20120907" Time="120552">CalculateField Zoning_Overlays CODE_SECTION_LINK " " VB #</Process><Process ToolSource="d:\program files\desktop10.1\ArcToolbox\Toolboxes\Data Management Tools.tbx\AssignDomainToField" Date="20130425" Time="121236">AssignDomainToField R:\latest\shapes\ZCC\ZCCdraftbase.gdb\Zoning_Overlays CODE_SECTION CODE_SECTION #</Process><Process ToolSource="d:\program files\desktop10.1\ArcToolbox\Toolboxes\Data Management Tools.tbx\AssignDomainToField" Date="20130425" Time="121259">AssignDomainToField R:\latest\shapes\ZCC\ZCCdraftbase.gdb\Zoning_Overlays CODE_SECTION_LINK URL #</Process><Process ToolSource="d:\program files\desktop10.1\ArcToolbox\Toolboxes\Data Management Tools.tbx\RemoveDomainFromField" Date="20130425" Time="123545">RemoveDomainFromField R:\latest\shapes\ZCC\ZCCdraftbase.gdb\Zoning_Overlays CODE_SECTION #</Process><Process ToolSource="d:\program files\desktop10.1\ArcToolbox\Toolboxes\Data Management Tools.tbx\RemoveDomainFromField" Date="20130425" Time="123709">RemoveDomainFromField R:\latest\shapes\ZCC\ZCCdraftbase.gdb\Zoning_Overlays CODE_SECTION_LINK #</Process><Process ToolSource="d:\program files\desktop10.1\ArcToolbox\Toolboxes\Data Management Tools.tbx\AssignDomainToField" Date="20130425" Time="123755">AssignDomainToField R:\latest\shapes\ZCC\ZCCdraftbase.gdb\Zoning_Overlays CODE_SECTION CODE_SECTION #</Process><Process ToolSource="d:\program files\desktop10.1\ArcToolbox\Toolboxes\Data Management Tools.tbx\AssignDomainToField" Date="20130425" Time="123905">AssignDomainToField R:\latest\shapes\ZCC\ZCCdraftbase.gdb\Zoning_Overlays CODE_SECTION_LINK URL #</Process><Process ToolSource="d:\program files\desktop10.1\ArcToolbox\Toolboxes\Data Management Tools.tbx\CalculateField" Date="20130517" Time="110118">CalculateField Zoning_Overlays Pending "No" VB #</Process><Process ToolSource="d:\program files\desktop10.1\ArcToolbox\Toolboxes\Conversion Tools.tbx\FeatureClassToFeatureClass" Date="20130603" Time="110340">FeatureClassToFeatureClass R:\latest\shapes\ZCC\ZCCdraftbase.gdb\Zoning_Overlays "Database Connections\geodb2_planning.sde" Zoning_Overlays_rev # "OVERLAY_NAME "NAME" true false false 255 Text 0 0 ,First,#,R:\latest\shapes\ZCC\ZCCdraftbase.gdb\Zoning_Overlays,OVERLAY_NAME,-1,-1;OVERLAY_SYMBOL "SYMBOL" true true false 10 Text 0 0 ,First,#,R:\latest\shapes\ZCC\ZCCdraftbase.gdb\Zoning_Overlays,OVERLAY_SYMBOL,-1,-1;REGULATION_TYPE "REGULATION TYPE" true true false 255 Text 0 0 ,First,#,R:\latest\shapes\ZCC\ZCCdraftbase.gdb\Zoning_Overlays,REGULATION_TYPE,-1,-1;CODE_SECTION "CODE SECTION" true false false 50 Text 0 0 ,First,#,R:\latest\shapes\ZCC\ZCCdraftbase.gdb\Zoning_Overlays,CODE_SECTION,-1,-1;CODE_SECTION_LINK "CODE LINK" true true false 255 Text 0 0 ,First,#,R:\latest\shapes\ZCC\ZCCdraftbase.gdb\Zoning_Overlays,CODE_SECTION_LINK,-1,-1;SUNSET_DATE "SUNSET_DATE" true true false 8 Date 0 0 ,First,#,R:\latest\shapes\ZCC\ZCCdraftbase.gdb\Zoning_Overlays,SUNSET_DATE,-1,-1;Shape_Length "Shape_Length" false true true 8 Double 0 0 ,First,#,R:\latest\shapes\ZCC\ZCCdraftbase.gdb\Zoning_Overlays,Shape_Length,-1,-1;Shape_Area "Shape_Area" false true true 8 Double 0 0 ,First,#,R:\latest\shapes\ZCC\ZCCdraftbase.gdb\Zoning_Overlays,Shape_Area,-1,-1;Pending "Pending" true true false 10 Text 0 0 ,First,#,R:\latest\shapes\ZCC\ZCCdraftbase.gdb\Zoning_Overlays,Pending,-1,-1;PendingBill "PendingBill" true true false 15 Text 0 0 ,First,#,R:\latest\shapes\ZCC\ZCCdraftbase.gdb\Zoning_Overlays,PendingBill,-1,-1;PendingBillURL "PendingBillURL" true true false 175 Text 0 0 ,First,#,R:\latest\shapes\ZCC\ZCCdraftbase.gdb\Zoning_Overlays,PendingBillURL,-1,-1" #</Process><Process ToolSource="E:\ArcGIS\Desktop10.0\ArcToolbox\Toolboxes\Data Management Tools.tbx\ChangePrivileges" Date="20130603" Time="154024">ChangePrivileges 'Database Connections\dc_gis_gis_planning.sde\GIS_PLANNING.Zoning_Overlays_rev' sde_viewer GRANT #</Process><Process ToolSource="E:\ArcGIS\Desktop10.0\ArcToolbox\Toolboxes\Data Management Tools.tbx\ChangePrivileges" Date="20130603" Time="154457">ChangePrivileges 'Database Connections\dc_gis_gis_planning.sde\GIS_PLANNING.Zoning_Overlays_rev';'Database Connections\dc_gis_gis_planning.sde\GIS_PLANNING.Zoning_BaseDistricts_rev' sde_viewer GRANT #</Process><Process ToolSource="D:\Program Files (x86)\ArcGIS\Desktop10.0\ArcToolbox\Toolboxes\Data Management Tools.tbx\DeleteRows" Date="20130807" Time="030044">DeleteRows "Database Connections\DC-GIS-gis_planning.sde\GIS_PLANNING.Zoning_Overlays"</Process><Process ToolSource="D:\Program Files (x86)\ArcGIS\Desktop10.0\ArcToolbox\Toolboxes\Data Management Tools.tbx\Append" Date="20130807" Time="030051">Append 'Database Connections\DC-GIS-gis_planning.sde\GIS_PLANNING.Zoning_Overlays_TEMP' "Database Connections\DC-GIS-gis_planning.sde\GIS_PLANNING.Zoning_Overlays" TEST # #</Process><Process ToolSource="D:\Program Files (x86)\ArcGIS\Desktop10.0\ArcToolbox\Toolboxes\Data Management Tools.tbx\DeleteRows" Date="20130829" Time="030452">DeleteRows "Database Connections\DC-GIS-gis_planning.sde\GIS_PLANNING.Zoning_Overlays"</Process><Process ToolSource="D:\Program Files (x86)\ArcGIS\Desktop10.0\ArcToolbox\Toolboxes\Data Management Tools.tbx\Append" Date="20130829" Time="030500">Append 'Database Connections\DC-GIS-gis_planning.sde\GIS_PLANNING.Zoning_Overlays_TEMP' "Database Connections\DC-GIS-gis_planning.sde\GIS_PLANNING.Zoning_Overlays" TEST # #</Process><Process ToolSource="D:\Program Files (x86)\ArcGIS\Desktop10.0\ArcToolbox\Toolboxes\Data Management Tools.tbx\DeleteRows" Date="20130831" Time="030321">DeleteRows "Database Connections\DC-GIS-gis_planning.sde\GIS_PLANNING.Zoning_Overlays"</Process><Process ToolSource="D:\Program Files (x86)\ArcGIS\Desktop10.0\ArcToolbox\Toolboxes\Data Management Tools.tbx\Append" Date="20130831" Time="030326">Append 'Database Connections\DC-GIS-gis_planning.sde\GIS_PLANNING.Zoning_Overlays_TEMP' "Database Connections\DC-GIS-gis_planning.sde\GIS_PLANNING.Zoning_Overlays" TEST # #</Process><Process ToolSource="D:\Program Files (x86)\ArcGIS\Desktop10.0\ArcToolbox\Toolboxes\Data Management Tools.tbx\DeleteRows" Date="20130904" Time="030331">DeleteRows "Database Connections\DC-GIS-gis_planning.sde\GIS_PLANNING.Zoning_Overlays"</Process><Process ToolSource="D:\Program Files (x86)\ArcGIS\Desktop10.0\ArcToolbox\Toolboxes\Data Management Tools.tbx\Append" Date="20130904" Time="030336">Append 'Database Connections\DC-GIS-gis_planning.sde\GIS_PLANNING.Zoning_Overlays_TEMP' "Database Connections\DC-GIS-gis_planning.sde\GIS_PLANNING.Zoning_Overlays" TEST # #</Process><Process ToolSource="D:\Program Files (x86)\ArcGIS\Desktop10.0\ArcToolbox\Toolboxes\Data Management Tools.tbx\DeleteRows" Date="20130907" Time="030307">DeleteRows "Database Connections\DC-GIS-gis_planning.sde\GIS_PLANNING.Zoning_Overlays"</Process><Process ToolSource="D:\Program Files (x86)\ArcGIS\Desktop10.0\ArcToolbox\Toolboxes\Data Management Tools.tbx\Append" Date="20130907" Time="030312">Append 'Database Connections\DC-GIS-gis_planning.sde\GIS_PLANNING.Zoning_Overlays_TEMP' "Database Connections\DC-GIS-gis_planning.sde\GIS_PLANNING.Zoning_Overlays" TEST # #</Process><Process ToolSource="D:\Program Files (x86)\ArcGIS\Desktop10.0\ArcToolbox\Toolboxes\Data Management Tools.tbx\DeleteRows" Date="20130911" Time="030336">DeleteRows "Database Connections\DC-GIS-gis_planning.sde\GIS_PLANNING.Zoning_Overlays"</Process><Process ToolSource="D:\Program Files (x86)\ArcGIS\Desktop10.0\ArcToolbox\Toolboxes\Data Management Tools.tbx\Append" Date="20130911" Time="030342">Append 'Database Connections\DC-GIS-gis_planning.sde\GIS_PLANNING.Zoning_Overlays_TEMP' "Database Connections\DC-GIS-gis_planning.sde\GIS_PLANNING.Zoning_Overlays" TEST # #</Process><Process ToolSource="D:\Program Files (x86)\ArcGIS\Desktop10.0\ArcToolbox\Toolboxes\Data Management Tools.tbx\DeleteRows" Date="20130914" Time="030304">DeleteRows "Database Connections\DC-GIS-gis_planning.sde\GIS_PLANNING.Zoning_Overlays"</Process><Process ToolSource="D:\Program Files (x86)\ArcGIS\Desktop10.0\ArcToolbox\Toolboxes\Data Management Tools.tbx\Append" Date="20130914" Time="030309">Append 'Database Connections\DC-GIS-gis_planning.sde\GIS_PLANNING.Zoning_Overlays_TEMP' "Database Connections\DC-GIS-gis_planning.sde\GIS_PLANNING.Zoning_Overlays" TEST # #</Process><Process ToolSource="D:\Program Files (x86)\ArcGIS\Desktop10.0\ArcToolbox\Toolboxes\Data Management Tools.tbx\DeleteRows" Date="20131109" Time="030133">DeleteRows "Database Connections\DC-GIS-gis_planning.sde\GIS_PLANNING.Zoning_Overlays"</Process><Process ToolSource="D:\Program Files (x86)\ArcGIS\Desktop10.0\ArcToolbox\Toolboxes\Data Management Tools.tbx\Append" Date="20131109" Time="030139">Append 'Database Connections\DC-GIS-gis_planning.sde\GIS_PLANNING.Zoning_Overlays_TEMP' "Database Connections\DC-GIS-gis_planning.sde\GIS_PLANNING.Zoning_Overlays" TEST # #</Process><Process ToolSource="D:\Program Files (x86)\ArcGIS\Desktop10.0\ArcToolbox\Toolboxes\Data Management Tools.tbx\DeleteRows" Date="20131113" Time="030127">DeleteRows "Database Connections\DC-GIS-gis_planning.sde\GIS_PLANNING.Zoning_Overlays"</Process><Process ToolSource="D:\Program Files (x86)\ArcGIS\Desktop10.0\ArcToolbox\Toolboxes\Data Management Tools.tbx\Append" Date="20131113" Time="030133">Append 'Database Connections\DC-GIS-gis_planning.sde\GIS_PLANNING.Zoning_Overlays_TEMP' "Database Connections\DC-GIS-gis_planning.sde\GIS_PLANNING.Zoning_Overlays" TEST # #</Process><Process ToolSource="D:\Program Files (x86)\ArcGIS\Desktop10.0\ArcToolbox\Toolboxes\Data Management Tools.tbx\DeleteRows" Date="20131116" Time="030143">DeleteRows "Database Connections\DC-GIS-gis_planning.sde\GIS_PLANNING.Zoning_Overlays"</Process><Process ToolSource="D:\Program Files (x86)\ArcGIS\Desktop10.0\ArcToolbox\Toolboxes\Data Management Tools.tbx\Append" Date="20131116" Time="030147">Append 'Database Connections\DC-GIS-gis_planning.sde\GIS_PLANNING.Zoning_Overlays_TEMP' "Database Connections\DC-GIS-gis_planning.sde\GIS_PLANNING.Zoning_Overlays" TEST # #</Process><Process ToolSource="D:\Program Files (x86)\ArcGIS\Desktop10.0\ArcToolbox\Toolboxes\Data Management Tools.tbx\DeleteRows" Date="20131120" Time="030112">DeleteRows "Database Connections\DC-GIS-gis_planning.sde\GIS_PLANNING.Zoning_Overlays"</Process><Process ToolSource="D:\Program Files (x86)\ArcGIS\Desktop10.0\ArcToolbox\Toolboxes\Data Management Tools.tbx\Append" Date="20131120" Time="030117">Append 'Database Connections\DC-GIS-gis_planning.sde\GIS_PLANNING.Zoning_Overlays_TEMP' "Database Connections\DC-GIS-gis_planning.sde\GIS_PLANNING.Zoning_Overlays" TEST # #</Process><Process ToolSource="D:\Program Files (x86)\ArcGIS\Desktop10.0\ArcToolbox\Toolboxes\Data Management Tools.tbx\DeleteRows" Date="20131130" Time="030114">DeleteRows "Database Connections\DC-GIS-gis_planning.sde\GIS_PLANNING.Zoning_Overlays"</Process><Process ToolSource="D:\Program Files (x86)\ArcGIS\Desktop10.0\ArcToolbox\Toolboxes\Data Management Tools.tbx\Append" Date="20131130" Time="030120">Append 'Database Connections\DC-GIS-gis_planning.sde\GIS_PLANNING.Zoning_Overlays_TEMP' "Database Connections\DC-GIS-gis_planning.sde\GIS_PLANNING.Zoning_Overlays" TEST # #</Process><Process ToolSource="D:\Program Files (x86)\ArcGIS\Desktop10.0\ArcToolbox\Toolboxes\Data Management Tools.tbx\DeleteRows" Date="20131204" Time="030042">DeleteRows "Database Connections\DC-GIS-gis_planning.sde\GIS_PLANNING.Zoning_Overlays"</Process><Process ToolSource="D:\Program Files (x86)\ArcGIS\Desktop10.0\ArcToolbox\Toolboxes\Data Management Tools.tbx\Append" Date="20131204" Time="030048">Append 'Database Connections\DC-GIS-gis_planning.sde\GIS_PLANNING.Zoning_Overlays_TEMP' "Database Connections\DC-GIS-gis_planning.sde\GIS_PLANNING.Zoning_Overlays" TEST # #</Process><Process ToolSource="D:\Program Files (x86)\ArcGIS\Desktop10.0\ArcToolbox\Toolboxes\Data Management Tools.tbx\DeleteRows" Date="20131207" Time="030217">DeleteRows "Database Connections\DC-GIS-gis_planning.sde\GIS_PLANNING.Zoning_Overlays"</Process><Process ToolSource="D:\Program Files (x86)\ArcGIS\Desktop10.0\ArcToolbox\Toolboxes\Data Management Tools.tbx\Append" Date="20131207" Time="030223">Append 'Database Connections\DC-GIS-gis_planning.sde\GIS_PLANNING.Zoning_Overlays_TEMP' "Database Connections\DC-GIS-gis_planning.sde\GIS_PLANNING.Zoning_Overlays" TEST # #</Process><Process ToolSource="D:\Program Files (x86)\ArcGIS\Desktop10.0\ArcToolbox\Toolboxes\Data Management Tools.tbx\DeleteRows" Date="20131211" Time="030346">DeleteRows "Database Connections\DC-GIS-gis_planning.sde\GIS_PLANNING.Zoning_Overlays"</Process><Process ToolSource="D:\Program Files (x86)\ArcGIS\Desktop10.0\ArcToolbox\Toolboxes\Data Management Tools.tbx\Append" Date="20131211" Time="030351">Append 'Database Connections\DC-GIS-gis_planning.sde\GIS_PLANNING.Zoning_Overlays_TEMP' "Database Connections\DC-GIS-gis_planning.sde\GIS_PLANNING.Zoning_Overlays" TEST # #</Process><Process ToolSource="D:\Program Files (x86)\ArcGIS\Desktop10.0\ArcToolbox\Toolboxes\Data Management Tools.tbx\DeleteRows" Date="20131214" Time="030105">DeleteRows "Database Connections\DC-GIS-gis_planning.sde\GIS_PLANNING.Zoning_Overlays"</Process><Process ToolSource="D:\Program Files (x86)\ArcGIS\Desktop10.0\ArcToolbox\Toolboxes\Data Management Tools.tbx\Append" Date="20131214" Time="030109">Append 'Database Connections\DC-GIS-gis_planning.sde\GIS_PLANNING.Zoning_Overlays_TEMP' "Database Connections\DC-GIS-gis_planning.sde\GIS_PLANNING.Zoning_Overlays" TEST # #</Process><Process ToolSource="D:\Program Files (x86)\ArcGIS\Desktop10.0\ArcToolbox\Toolboxes\Data Management Tools.tbx\DeleteRows" Date="20131218" Time="030117">DeleteRows "Database Connections\DC-GIS-gis_planning.sde\GIS_PLANNING.Zoning_Overlays"</Process><Process ToolSource="D:\Program Files (x86)\ArcGIS\Desktop10.0\ArcToolbox\Toolboxes\Data Management Tools.tbx\Append" Date="20131218" Time="030123">Append 'Database Connections\DC-GIS-gis_planning.sde\GIS_PLANNING.Zoning_Overlays_TEMP' "Database Connections\DC-GIS-gis_planning.sde\GIS_PLANNING.Zoning_Overlays" TEST # #</Process><Process ToolSource="D:\Program Files (x86)\ArcGIS\Desktop10.0\ArcToolbox\Toolboxes\Data Management Tools.tbx\DeleteRows" Date="20131221" Time="030053">DeleteRows "Database Connections\DC-GIS-gis_planning.sde\GIS_PLANNING.Zoning_Overlays"</Process><Process ToolSource="D:\Program Files (x86)\ArcGIS\Desktop10.0\ArcToolbox\Toolboxes\Data Management Tools.tbx\Append" Date="20131221" Time="030057">Append 'Database Connections\DC-GIS-gis_planning.sde\GIS_PLANNING.Zoning_Overlays_TEMP' "Database Connections\DC-GIS-gis_planning.sde\GIS_PLANNING.Zoning_Overlays" TEST # #</Process><Process ToolSource="D:\Program Files (x86)\ArcGIS\Desktop10.0\ArcToolbox\Toolboxes\Data Management Tools.tbx\DeleteRows" Date="20131225" Time="030102">DeleteRows "Database Connections\DC-GIS-gis_planning.sde\GIS_PLANNING.Zoning_Overlays"</Process><Process ToolSource="D:\Program Files (x86)\ArcGIS\Desktop10.0\ArcToolbox\Toolboxes\Data Management Tools.tbx\Append" Date="20131225" Time="030108">Append 'Database Connections\DC-GIS-gis_planning.sde\GIS_PLANNING.Zoning_Overlays_TEMP' "Database Connections\DC-GIS-gis_planning.sde\GIS_PLANNING.Zoning_Overlays" TEST # #</Process><Process ToolSource="D:\Program Files (x86)\ArcGIS\Desktop10.0\ArcToolbox\Toolboxes\Data Management Tools.tbx\DeleteRows" Date="20131228" Time="030058">DeleteRows "Database Connections\DC-GIS-gis_planning.sde\GIS_PLANNING.Zoning_Overlays"</Process><Process ToolSource="D:\Program Files (x86)\ArcGIS\Desktop10.0\ArcToolbox\Toolboxes\Data Management Tools.tbx\Append" Date="20131228" Time="030102">Append 'Database Connections\DC-GIS-gis_planning.sde\GIS_PLANNING.Zoning_Overlays_TEMP' "Database Connections\DC-GIS-gis_planning.sde\GIS_PLANNING.Zoning_Overlays" TEST # #</Process><Process ToolSource="D:\Program Files (x86)\ArcGIS\Desktop10.0\ArcToolbox\Toolboxes\Data Management Tools.tbx\DeleteRows" Date="20140101" Time="030104">DeleteRows "Database Connections\DC-GIS-gis_planning.sde\GIS_PLANNING.Zoning_Overlays"</Process><Process ToolSource="D:\Program Files (x86)\ArcGIS\Desktop10.0\ArcToolbox\Toolboxes\Data Management Tools.tbx\Append" Date="20140101" Time="030109">Append 'Database Connections\DC-GIS-gis_planning.sde\GIS_PLANNING.Zoning_Overlays_TEMP' "Database Connections\DC-GIS-gis_planning.sde\GIS_PLANNING.Zoning_Overlays" TEST # #</Process><Process ToolSource="D:\Program Files (x86)\ArcGIS\Desktop10.0\ArcToolbox\Toolboxes\Data Management Tools.tbx\DeleteRows" Date="20140104" Time="030058">DeleteRows "Database Connections\DC-GIS-gis_planning.sde\GIS_PLANNING.Zoning_Overlays"</Process><Process ToolSource="D:\Program Files (x86)\ArcGIS\Desktop10.0\ArcToolbox\Toolboxes\Data Management Tools.tbx\Append" Date="20140104" Time="030104">Append 'Database Connections\DC-GIS-gis_planning.sde\GIS_PLANNING.Zoning_Overlays_TEMP' "Database Connections\DC-GIS-gis_planning.sde\GIS_PLANNING.Zoning_Overlays" TEST # #</Process><Process ToolSource="D:\Program Files (x86)\ArcGIS\Desktop10.0\ArcToolbox\Toolboxes\Data Management Tools.tbx\DeleteRows" Date="20140108" Time="030109">DeleteRows "Database Connections\DC-GIS-gis_planning.sde\GIS_PLANNING.Zoning_Overlays"</Process><Process ToolSource="D:\Program Files (x86)\ArcGIS\Desktop10.0\ArcToolbox\Toolboxes\Data Management Tools.tbx\Append" Date="20140108" Time="030117">Append 'Database Connections\DC-GIS-gis_planning.sde\GIS_PLANNING.Zoning_Overlays_TEMP' "Database Connections\DC-GIS-gis_planning.sde\GIS_PLANNING.Zoning_Overlays" TEST # #</Process><Process ToolSource="D:\Program Files (x86)\ArcGIS\Desktop10.0\ArcToolbox\Toolboxes\Data Management Tools.tbx\DeleteRows" Date="20140111" Time="030546">DeleteRows "Database Connections\DC-GIS-gis_planning.sde\GIS_PLANNING.Zoning_Overlays"</Process><Process ToolSource="D:\Program Files (x86)\ArcGIS\Desktop10.0\ArcToolbox\Toolboxes\Data Management Tools.tbx\Append" Date="20140111" Time="030550">Append 'Database Connections\DC-GIS-gis_planning.sde\GIS_PLANNING.Zoning_Overlays_TEMP' "Database Connections\DC-GIS-gis_planning.sde\GIS_PLANNING.Zoning_Overlays" TEST # #</Process><Process ToolSource="D:\Program Files (x86)\ArcGIS\Desktop10.0\ArcToolbox\Toolboxes\Data Management Tools.tbx\DeleteRows" Date="20140115" Time="030311">DeleteRows "Database Connections\DC-GIS-gis_planning.sde\GIS_PLANNING.Zoning_Overlays"</Process><Process ToolSource="D:\Program Files (x86)\ArcGIS\Desktop10.0\ArcToolbox\Toolboxes\Data Management Tools.tbx\Append" Date="20140115" Time="030316">Append 'Database Connections\DC-GIS-gis_planning.sde\GIS_PLANNING.Zoning_Overlays_TEMP' "Database Connections\DC-GIS-gis_planning.sde\GIS_PLANNING.Zoning_Overlays" TEST # #</Process><Process ToolSource="D:\Program Files (x86)\ArcGIS\Desktop10.0\ArcToolbox\Toolboxes\Data Management Tools.tbx\DeleteRows" Date="20140118" Time="030425">DeleteRows "Database Connections\DC-GIS-gis_planning.sde\GIS_PLANNING.Zoning_Overlays"</Process><Process ToolSource="D:\Program Files (x86)\ArcGIS\Desktop10.0\ArcToolbox\Toolboxes\Data Management Tools.tbx\Append" Date="20140118" Time="030430">Append 'Database Connections\DC-GIS-gis_planning.sde\GIS_PLANNING.Zoning_Overlays_TEMP' "Database Connections\DC-GIS-gis_planning.sde\GIS_PLANNING.Zoning_Overlays" TEST # #</Process><Process ToolSource="D:\Program Files (x86)\ArcGIS\Desktop10.0\ArcToolbox\Toolboxes\Data Management Tools.tbx\DeleteRows" Date="20140122" Time="030304">DeleteRows "Database Connections\DC-GIS-gis_planning.sde\GIS_PLANNING.Zoning_Overlays"</Process><Process ToolSource="D:\Program Files (x86)\ArcGIS\Desktop10.0\ArcToolbox\Toolboxes\Data Management Tools.tbx\Append" Date="20140122" Time="030309">Append 'Database Connections\DC-GIS-gis_planning.sde\GIS_PLANNING.Zoning_Overlays_TEMP' "Database Connections\DC-GIS-gis_planning.sde\GIS_PLANNING.Zoning_Overlays" TEST # #</Process><Process ToolSource="D:\Program Files (x86)\ArcGIS\Desktop10.0\ArcToolbox\Toolboxes\Data Management Tools.tbx\DeleteRows" Date="20140125" Time="030147">DeleteRows "Database Connections\DC-GIS-gis_planning.sde\GIS_PLANNING.Zoning_Overlays"</Process><Process ToolSource="D:\Program Files (x86)\ArcGIS\Desktop10.0\ArcToolbox\Toolboxes\Data Management Tools.tbx\Append" Date="20140125" Time="030152">Append 'Database Connections\DC-GIS-gis_planning.sde\GIS_PLANNING.Zoning_Overlays_TEMP' "Database Connections\DC-GIS-gis_planning.sde\GIS_PLANNING.Zoning_Overlays" TEST # #</Process><Process ToolSource="e:\arcgis\desktop10.1\ArcToolbox\Toolboxes\Data Management Tools.tbx\DeleteRows" Date="20140129" Time="030031">DeleteRows "Database Connections\dc_gis_gis_planning.sde\GIS_PLANNING.Zoning_Overlays"</Process><Process ToolSource="e:\arcgis\desktop10.1\ArcToolbox\Toolboxes\Data Management Tools.tbx\Append" Date="20140129" Time="030038">Append 'Database Connections\dc_gis_gis_planning.sde\GIS_PLANNING.Zoning_Overlays_TEMP' "Database Connections\dc_gis_gis_planning.sde\GIS_PLANNING.Zoning_Overlays" TEST # #</Process><Process ToolSource="e:\arcgis\desktop10.1\ArcToolbox\Toolboxes\Data Management Tools.tbx\DeleteRows" Date="20140201" Time="030050">DeleteRows "Database Connections\dc_gis_gis_planning.sde\GIS_PLANNING.Zoning_Overlays"</Process><Process ToolSource="e:\arcgis\desktop10.1\ArcToolbox\Toolboxes\Data Management Tools.tbx\Append" Date="20140201" Time="030055">Append 'Database Connections\dc_gis_gis_planning.sde\GIS_PLANNING.Zoning_Overlays_TEMP' "Database Connections\dc_gis_gis_planning.sde\GIS_PLANNING.Zoning_Overlays" TEST # #</Process><Process ToolSource="e:\arcgis\desktop10.1\ArcToolbox\Toolboxes\Data Management Tools.tbx\DeleteRows" Date="20140205" Time="030025">DeleteRows "Database Connections\dc_gis_gis_planning.sde\GIS_PLANNING.Zoning_Overlays"</Process><Process ToolSource="e:\arcgis\desktop10.1\ArcToolbox\Toolboxes\Data Management Tools.tbx\Append" Date="20140205" Time="030030">Append 'Database Connections\dc_gis_gis_planning.sde\GIS_PLANNING.Zoning_Overlays_TEMP' "Database Connections\dc_gis_gis_planning.sde\GIS_PLANNING.Zoning_Overlays" TEST # #</Process><Process ToolSource="e:\arcgis\desktop10.1\ArcToolbox\Toolboxes\Data Management Tools.tbx\DeleteRows" Date="20140208" Time="030054">DeleteRows "Database Connections\dc_gis_gis_planning.sde\GIS_PLANNING.Zoning_Overlays"</Process><Process ToolSource="e:\arcgis\desktop10.1\ArcToolbox\Toolboxes\Data Management Tools.tbx\Append" Date="20140208" Time="030059">Append 'Database Connections\dc_gis_gis_planning.sde\GIS_PLANNING.Zoning_Overlays_TEMP' "Database Connections\dc_gis_gis_planning.sde\GIS_PLANNING.Zoning_Overlays" TEST # #</Process><Process ToolSource="e:\arcgis\desktop10.1\ArcToolbox\Toolboxes\Data Management Tools.tbx\DeleteRows" Date="20140212" Time="030413">DeleteRows "Database Connections\dc_gis_gis_planning.sde\GIS_PLANNING.Zoning_Overlays"</Process><Process ToolSource="e:\arcgis\desktop10.1\ArcToolbox\Toolboxes\Data Management Tools.tbx\Append" Date="20140212" Time="030418">Append 'Database Connections\dc_gis_gis_planning.sde\GIS_PLANNING.Zoning_Overlays_TEMP' "Database Connections\dc_gis_gis_planning.sde\GIS_PLANNING.Zoning_Overlays" TEST # #</Process><Process ToolSource="e:\arcgis\desktop10.1\ArcToolbox\Toolboxes\Data Management Tools.tbx\DeleteRows" Date="20140215" Time="030334">DeleteRows "Database Connections\dc_gis_gis_planning.sde\GIS_PLANNING.Zoning_Overlays"</Process><Process ToolSource="e:\arcgis\desktop10.1\ArcToolbox\Toolboxes\Data Management Tools.tbx\Append" Date="20140215" Time="030338">Append 'Database Connections\dc_gis_gis_planning.sde\GIS_PLANNING.Zoning_Overlays_TEMP' "Database Connections\dc_gis_gis_planning.sde\GIS_PLANNING.Zoning_Overlays" TEST # #</Process><Process ToolSource="e:\arcgis\desktop10.1\ArcToolbox\Toolboxes\Data Management Tools.tbx\DeleteRows" Date="20140219" Time="030421">DeleteRows "Database Connections\dc_gis_gis_planning.sde\GIS_PLANNING.Zoning_Overlays"</Process><Process ToolSource="e:\arcgis\desktop10.1\ArcToolbox\Toolboxes\Data Management Tools.tbx\Append" Date="20140219" Time="030427">Append 'Database Connections\dc_gis_gis_planning.sde\GIS_PLANNING.Zoning_Overlays_TEMP' "Database Connections\dc_gis_gis_planning.sde\GIS_PLANNING.Zoning_Overlays" TEST # #</Process><Process ToolSource="e:\arcgis\desktop10.1\ArcToolbox\Toolboxes\Data Management Tools.tbx\DeleteRows" Date="20140222" Time="030522">DeleteRows "Database Connections\dc_gis_gis_planning.sde\GIS_PLANNING.Zoning_Overlays"</Process><Process ToolSource="e:\arcgis\desktop10.1\ArcToolbox\Toolboxes\Data Management Tools.tbx\Append" Date="20140222" Time="030531">Append 'Database Connections\dc_gis_gis_planning.sde\GIS_PLANNING.Zoning_Overlays_TEMP' "Database Connections\dc_gis_gis_planning.sde\GIS_PLANNING.Zoning_Overlays" TEST # #</Process><Process ToolSource="e:\arcgis\desktop10.1\ArcToolbox\Toolboxes\Data Management Tools.tbx\DeleteRows" Date="20140226" Time="030122">DeleteRows "Database Connections\dc_gis_gis_planning.sde\GIS_PLANNING.Zoning_Overlays"</Process><Process ToolSource="e:\arcgis\desktop10.1\ArcToolbox\Toolboxes\Data Management Tools.tbx\Append" Date="20140226" Time="030127">Append 'Database Connections\dc_gis_gis_planning.sde\GIS_PLANNING.Zoning_Overlays_TEMP' "Database Connections\dc_gis_gis_planning.sde\GIS_PLANNING.Zoning_Overlays" TEST # #</Process><Process ToolSource="e:\arcgis\desktop10.1\ArcToolbox\Toolboxes\Data Management Tools.tbx\DeleteRows" Date="20140226" Time="062418">DeleteRows "Database Connections\dc_gis_gis_planning.sde\GIS_PLANNING.Zoning_Overlays"</Process><Process ToolSource="e:\arcgis\desktop10.1\ArcToolbox\Toolboxes\Data Management Tools.tbx\Append" Date="20140226" Time="062422">Append 'Database Connections\dc_gis_gis_planning.sde\GIS_PLANNING.Zoning_Overlays_TEMP' "Database Connections\dc_gis_gis_planning.sde\GIS_PLANNING.Zoning_Overlays" TEST # #</Process><Process ToolSource="e:\arcgis\desktop10.1\ArcToolbox\Toolboxes\Data Management Tools.tbx\DeleteRows" Date="20140301" Time="030417">DeleteRows "Database Connections\dc_gis_gis_planning.sde\GIS_PLANNING.Zoning_Overlays"</Process><Process ToolSource="e:\arcgis\desktop10.1\ArcToolbox\Toolboxes\Data Management Tools.tbx\Append" Date="20140301" Time="030425">Append 'Database Connections\dc_gis_gis_planning.sde\GIS_PLANNING.Zoning_Overlays_TEMP' "Database Connections\dc_gis_gis_planning.sde\GIS_PLANNING.Zoning_Overlays" TEST # #</Process><Process ToolSource="e:\arcgis\desktop10.1\ArcToolbox\Toolboxes\Data Management Tools.tbx\DeleteRows" Date="20140305" Time="030332">DeleteRows "Database Connections\dc_gis_gis_planning.sde\GIS_PLANNING.Zoning_Overlays"</Process><Process ToolSource="e:\arcgis\desktop10.1\ArcToolbox\Toolboxes\Data Management Tools.tbx\Append" Date="20140305" Time="030337">Append 'Database Connections\dc_gis_gis_planning.sde\GIS_PLANNING.Zoning_Overlays_TEMP' "Database Connections\dc_gis_gis_planning.sde\GIS_PLANNING.Zoning_Overlays" TEST # #</Process><Process ToolSource="e:\arcgis\desktop10.1\ArcToolbox\Toolboxes\Data Management Tools.tbx\DeleteRows" Date="20140308" Time="030407">DeleteRows "Database Connections\dc_gis_gis_planning.sde\GIS_PLANNING.Zoning_Overlays"</Process><Process ToolSource="e:\arcgis\desktop10.1\ArcToolbox\Toolboxes\Data Management Tools.tbx\Append" Date="20140308" Time="030415">Append 'Database Connections\dc_gis_gis_planning.sde\GIS_PLANNING.Zoning_Overlays_TEMP' "Database Connections\dc_gis_gis_planning.sde\GIS_PLANNING.Zoning_Overlays" TEST # #</Process><Process ToolSource="e:\arcgis\desktop10.1\ArcToolbox\Toolboxes\Data Management Tools.tbx\DeleteRows" Date="20140312" Time="030032">DeleteRows "Database Connections\dc_gis_gis_planning.sde\GIS_PLANNING.Zoning_Overlays"</Process><Process ToolSource="e:\arcgis\desktop10.1\ArcToolbox\Toolboxes\Data Management Tools.tbx\Append" Date="20140312" Time="030037">Append 'Database Connections\dc_gis_gis_planning.sde\GIS_PLANNING.Zoning_Overlays_TEMP' "Database Connections\dc_gis_gis_planning.sde\GIS_PLANNING.Zoning_Overlays" TEST # #</Process><Process ToolSource="e:\arcgis\desktop10.1\ArcToolbox\Toolboxes\Data Management Tools.tbx\DeleteRows" Date="20140315" Time="030039">DeleteRows "Database Connections\dc_gis_gis_planning.sde\GIS_PLANNING.Zoning_Overlays"</Process><Process ToolSource="e:\arcgis\desktop10.1\ArcToolbox\Toolboxes\Data Management Tools.tbx\Append" Date="20140315" Time="030046">Append 'Database Connections\dc_gis_gis_planning.sde\GIS_PLANNING.Zoning_Overlays_TEMP' "Database Connections\dc_gis_gis_planning.sde\GIS_PLANNING.Zoning_Overlays" TEST # #</Process><Process ToolSource="e:\arcgis\desktop10.1\ArcToolbox\Toolboxes\Data Management Tools.tbx\DeleteRows" Date="20140319" Time="030045">DeleteRows "Database Connections\dc_gis_gis_planning.sde\GIS_PLANNING.Zoning_Overlays"</Process><Process ToolSource="e:\arcgis\desktop10.1\ArcToolbox\Toolboxes\Data Management Tools.tbx\Append" Date="20140319" Time="030049">Append 'Database Connections\dc_gis_gis_planning.sde\GIS_PLANNING.Zoning_Overlays_TEMP' "Database Connections\dc_gis_gis_planning.sde\GIS_PLANNING.Zoning_Overlays" TEST # #</Process><Process ToolSource="e:\arcgis\desktop10.1\ArcToolbox\Toolboxes\Data Management Tools.tbx\DeleteRows" Date="20140322" Time="030055">DeleteRows "Database Connections\dc_gis_gis_planning.sde\GIS_PLANNING.Zoning_Overlays"</Process><Process ToolSource="e:\arcgis\desktop10.1\ArcToolbox\Toolboxes\Data Management Tools.tbx\Append" Date="20140322" Time="030101">Append 'Database Connections\dc_gis_gis_planning.sde\GIS_PLANNING.Zoning_Overlays_TEMP' "Database Connections\dc_gis_gis_planning.sde\GIS_PLANNING.Zoning_Overlays" TEST # #</Process><Process ToolSource="e:\arcgis\desktop10.1\ArcToolbox\Toolboxes\Data Management Tools.tbx\DeleteRows" Date="20140326" Time="030202">DeleteRows "Database Connections\dc_gis_gis_planning.sde\GIS_PLANNING.Zoning_Overlays"</Process><Process ToolSource="e:\arcgis\desktop10.1\ArcToolbox\Toolboxes\Data Management Tools.tbx\Append" Date="20140326" Time="030211">Append 'Database Connections\dc_gis_gis_planning.sde\GIS_PLANNING.Zoning_Overlays_TEMP' "Database Connections\dc_gis_gis_planning.sde\GIS_PLANNING.Zoning_Overlays" TEST # #</Process><Process ToolSource="e:\arcgis\desktop10.1\ArcToolbox\Toolboxes\Data Management Tools.tbx\DeleteRows" Date="20140329" Time="030040">DeleteRows "Database Connections\dc_gis_gis_planning.sde\GIS_PLANNING.Zoning_Overlays"</Process><Process ToolSource="e:\arcgis\desktop10.1\ArcToolbox\Toolboxes\Data Management Tools.tbx\Append" Date="20140329" Time="030052">Append 'Database Connections\dc_gis_gis_planning.sde\GIS_PLANNING.Zoning_Overlays_TEMP' "Database Connections\dc_gis_gis_planning.sde\GIS_PLANNING.Zoning_Overlays" TEST # #</Process><Process ToolSource="e:\arcgis\desktop10.1\ArcToolbox\Toolboxes\Data Management Tools.tbx\DeleteRows" Date="20140510" Time="030439">DeleteRows "Database Connections\dc_gis_gis_planning.sde\GIS_PLANNING.Zoning_Overlays"</Process><Process ToolSource="e:\arcgis\desktop10.1\ArcToolbox\Toolboxes\Data Management Tools.tbx\Append" Date="20140510" Time="030446">Append 'Database Connections\dc_gis_gis_planning.sde\GIS_PLANNING.Zoning_Overlays_TEMP' "Database Connections\dc_gis_gis_planning.sde\GIS_PLANNING.Zoning_Overlays" TEST # #</Process><Process ToolSource="e:\arcgis\desktop10.1\ArcToolbox\Toolboxes\Data Management Tools.tbx\DeleteRows" Date="20140514" Time="030425">DeleteRows "Database Connections\dc_gis_gis_planning.sde\GIS_PLANNING.Zoning_Overlays"</Process><Process ToolSource="e:\arcgis\desktop10.1\ArcToolbox\Toolboxes\Data Management Tools.tbx\Append" Date="20140514" Time="030430">Append 'Database Connections\dc_gis_gis_planning.sde\GIS_PLANNING.Zoning_Overlays_TEMP' "Database Connections\dc_gis_gis_planning.sde\GIS_PLANNING.Zoning_Overlays" TEST # #</Process><Process ToolSource="e:\arcgis\desktop10.1\ArcToolbox\Toolboxes\Data Management Tools.tbx\DeleteRows" Date="20140517" Time="030446">DeleteRows "Database Connections\dc_gis_gis_planning.sde\GIS_PLANNING.Zoning_Overlays"</Process><Process ToolSource="e:\arcgis\desktop10.1\ArcToolbox\Toolboxes\Data Management Tools.tbx\Append" Date="20140517" Time="030452">Append 'Database Connections\dc_gis_gis_planning.sde\GIS_PLANNING.Zoning_Overlays_TEMP' "Database Connections\dc_gis_gis_planning.sde\GIS_PLANNING.Zoning_Overlays" TEST # #</Process><Process ToolSource="e:\arcgis\desktop10.1\ArcToolbox\Toolboxes\Data Management Tools.tbx\DeleteRows" Date="20140521" Time="030454">DeleteRows "Database Connections\dc_gis_gis_planning.sde\GIS_PLANNING.Zoning_Overlays"</Process><Process ToolSource="e:\arcgis\desktop10.1\ArcToolbox\Toolboxes\Data Management Tools.tbx\Append" Date="20140521" Time="030500">Append 'Database Connections\dc_gis_gis_planning.sde\GIS_PLANNING.Zoning_Overlays_TEMP' "Database Connections\dc_gis_gis_planning.sde\GIS_PLANNING.Zoning_Overlays" TEST # #</Process><Process ToolSource="e:\arcgis\desktop10.1\ArcToolbox\Toolboxes\Data Management Tools.tbx\DeleteRows" Date="20140524" Time="030439">DeleteRows "Database Connections\dc_gis_gis_planning.sde\GIS_PLANNING.Zoning_Overlays"</Process><Process ToolSource="e:\arcgis\desktop10.1\ArcToolbox\Toolboxes\Data Management Tools.tbx\Append" Date="20140524" Time="030448">Append 'Database Connections\dc_gis_gis_planning.sde\GIS_PLANNING.Zoning_Overlays_TEMP' "Database Connections\dc_gis_gis_planning.sde\GIS_PLANNING.Zoning_Overlays" TEST # #</Process><Process ToolSource="e:\arcgis\desktop10.1\ArcToolbox\Toolboxes\Data Management Tools.tbx\DeleteRows" Date="20140528" Time="030628">DeleteRows "Database Connections\dc_gis_gis_planning.sde\GIS_PLANNING.Zoning_Overlays"</Process><Process ToolSource="e:\arcgis\desktop10.1\ArcToolbox\Toolboxes\Data Management Tools.tbx\Append" Date="20140528" Time="030637">Append 'Database Connections\dc_gis_gis_planning.sde\GIS_PLANNING.Zoning_Overlays_TEMP' "Database Connections\dc_gis_gis_planning.sde\GIS_PLANNING.Zoning_Overlays" TEST # #</Process><Process ToolSource="e:\arcgis\desktop10.1\ArcToolbox\Toolboxes\Data Management Tools.tbx\DeleteRows" Date="20140531" Time="030606">DeleteRows "Database Connections\dc_gis_gis_planning.sde\GIS_PLANNING.Zoning_Overlays"</Process><Process ToolSource="e:\arcgis\desktop10.1\ArcToolbox\Toolboxes\Data Management Tools.tbx\Append" Date="20140531" Time="030614">Append 'Database Connections\dc_gis_gis_planning.sde\GIS_PLANNING.Zoning_Overlays_TEMP' "Database Connections\dc_gis_gis_planning.sde\GIS_PLANNING.Zoning_Overlays" TEST # #</Process><Process ToolSource="e:\arcgis\desktop10.1\ArcToolbox\Toolboxes\Data Management Tools.tbx\DeleteRows" Date="20140604" Time="030218">DeleteRows "Database Connections\dc_gis_gis_planning.sde\GIS_PLANNING.Zoning_Overlays"</Process><Process ToolSource="e:\arcgis\desktop10.1\ArcToolbox\Toolboxes\Data Management Tools.tbx\Append" Date="20140604" Time="030223">Append 'Database Connections\dc_gis_gis_planning.sde\GIS_PLANNING.Zoning_Overlays_TEMP' "Database Connections\dc_gis_gis_planning.sde\GIS_PLANNING.Zoning_Overlays" TEST # #</Process><Process ToolSource="e:\arcgis\desktop10.1\ArcToolbox\Toolboxes\Data Management Tools.tbx\DeleteRows" Date="20140604" Time="052125">DeleteRows "Database Connections\dc_gis_gis_planning.sde\GIS_PLANNING.Zoning_Overlays"</Process><Process ToolSource="e:\arcgis\desktop10.1\ArcToolbox\Toolboxes\Data Management Tools.tbx\Append" Date="20140604" Time="052131">Append 'Database Connections\dc_gis_gis_planning.sde\GIS_PLANNING.Zoning_Overlays_TEMP' "Database Connections\dc_gis_gis_planning.sde\GIS_PLANNING.Zoning_Overlays" TEST # #</Process><Process ToolSource="e:\arcgis\desktop10.1\ArcToolbox\Toolboxes\Data Management Tools.tbx\DeleteRows" Date="20140607" Time="030527">DeleteRows "Database Connections\dc_gis_gis_planning.sde\GIS_PLANNING.Zoning_Overlays"</Process><Process ToolSource="e:\arcgis\desktop10.1\ArcToolbox\Toolboxes\Data Management Tools.tbx\Append" Date="20140607" Time="030535">Append 'Database Connections\dc_gis_gis_planning.sde\GIS_PLANNING.Zoning_Overlays_TEMP' "Database Connections\dc_gis_gis_planning.sde\GIS_PLANNING.Zoning_Overlays" TEST # #</Process><Process ToolSource="e:\arcgis\desktop10.1\ArcToolbox\Toolboxes\Data Management Tools.tbx\DeleteRows" Date="20140611" Time="030418">DeleteRows "Database Connections\dc_gis_gis_planning.sde\GIS_PLANNING.Zoning_Overlays"</Process><Process ToolSource="e:\arcgis\desktop10.1\ArcToolbox\Toolboxes\Data Management Tools.tbx\Append" Date="20140611" Time="030425">Append 'Database Connections\dc_gis_gis_planning.sde\GIS_PLANNING.Zoning_Overlays_TEMP' "Database Connections\dc_gis_gis_planning.sde\GIS_PLANNING.Zoning_Overlays" TEST # #</Process><Process ToolSource="e:\arcgis\desktop10.1\ArcToolbox\Toolboxes\Data Management Tools.tbx\DeleteRows" Date="20140614" Time="030332">DeleteRows "Database Connections\dc_gis_gis_planning.sde\GIS_PLANNING.Zoning_Overlays"</Process><Process ToolSource="e:\arcgis\desktop10.1\ArcToolbox\Toolboxes\Data Management Tools.tbx\Append" Date="20140614" Time="030339">Append 'Database Connections\dc_gis_gis_planning.sde\GIS_PLANNING.Zoning_Overlays_TEMP' "Database Connections\dc_gis_gis_planning.sde\GIS_PLANNING.Zoning_Overlays" TEST # #</Process><Process ToolSource="e:\arcgis\desktop10.1\ArcToolbox\Toolboxes\Data Management Tools.tbx\DeleteRows" Date="20140616" Time="211616">DeleteRows "Database Connections\dc_gis_gis_planning.sde\GIS_PLANNING.Zoning_Overlays"</Process><Process ToolSource="e:\arcgis\desktop10.1\ArcToolbox\Toolboxes\Data Management Tools.tbx\Append" Date="20140616" Time="211621">Append 'Database Connections\dc_gis_gis_planning.sde\GIS_PLANNING.Zoning_Overlays_TEMP' "Database Connections\dc_gis_gis_planning.sde\GIS_PLANNING.Zoning_Overlays" TEST # #</Process><Process ToolSource="e:\arcgis\desktop10.1\ArcToolbox\Toolboxes\Data Management Tools.tbx\DeleteRows" Date="20140618" Time="030447">DeleteRows "Database Connections\dc_gis_gis_planning.sde\GIS_PLANNING.Zoning_Overlays"</Process><Process ToolSource="e:\arcgis\desktop10.1\ArcToolbox\Toolboxes\Data Management Tools.tbx\Append" Date="20140618" Time="030454">Append 'Database Connections\dc_gis_gis_planning.sde\GIS_PLANNING.Zoning_Overlays_TEMP' "Database Connections\dc_gis_gis_planning.sde\GIS_PLANNING.Zoning_Overlays" TEST # #</Process><Process ToolSource="e:\arcgis\desktop10.1\ArcToolbox\Toolboxes\Data Management Tools.tbx\DeleteRows" Date="20140621" Time="030421">DeleteRows "Database Connections\dc_gis_gis_planning.sde\GIS_PLANNING.Zoning_Overlays"</Process><Process ToolSource="e:\arcgis\desktop10.1\ArcToolbox\Toolboxes\Data Management Tools.tbx\Append" Date="20140621" Time="030428">Append 'Database Connections\dc_gis_gis_planning.sde\GIS_PLANNING.Zoning_Overlays_TEMP' "Database Connections\dc_gis_gis_planning.sde\GIS_PLANNING.Zoning_Overlays" TEST # #</Process><Process ToolSource="e:\arcgis\desktop10.1\ArcToolbox\Toolboxes\Data Management Tools.tbx\DeleteRows" Date="20140625" Time="030514">DeleteRows "Database Connections\dc_gis_gis_planning.sde\GIS_PLANNING.Zoning_Overlays"</Process><Process ToolSource="e:\arcgis\desktop10.1\ArcToolbox\Toolboxes\Data Management Tools.tbx\Append" Date="20140625" Time="030522">Append 'Database Connections\dc_gis_gis_planning.sde\GIS_PLANNING.Zoning_Overlays_TEMP' "Database Connections\dc_gis_gis_planning.sde\GIS_PLANNING.Zoning_Overlays" TEST # #</Process><Process ToolSource="e:\arcgis\desktop10.1\ArcToolbox\Toolboxes\Data Management Tools.tbx\DeleteRows" Date="20140625" Time="080611">DeleteRows "Database Connections\dc_gis_gis_planning.sde\GIS_PLANNING.Zoning_Overlays"</Process><Process ToolSource="e:\arcgis\desktop10.1\ArcToolbox\Toolboxes\Data Management Tools.tbx\Append" Date="20140625" Time="080618">Append 'Database Connections\dc_gis_gis_planning.sde\GIS_PLANNING.Zoning_Overlays_TEMP' "Database Connections\dc_gis_gis_planning.sde\GIS_PLANNING.Zoning_Overlays" TEST # #</Process><Process ToolSource="e:\arcgis\desktop10.1\ArcToolbox\Toolboxes\Data Management Tools.tbx\DeleteRows" Date="20140625" Time="081347">DeleteRows "Database Connections\dc_gis_gis_planning.sde\GIS_PLANNING.Zoning_Overlays"</Process><Process ToolSource="e:\arcgis\desktop10.1\ArcToolbox\Toolboxes\Data Management Tools.tbx\Append" Date="20140625" Time="081352">Append 'Database Connections\dc_gis_gis_planning.sde\GIS_PLANNING.Zoning_Overlays_TEMP' "Database Connections\dc_gis_gis_planning.sde\GIS_PLANNING.Zoning_Overlays" TEST # #</Process><Process ToolSource="e:\arcgis\desktop10.1\ArcToolbox\Toolboxes\Data Management Tools.tbx\DeleteRows" Date="20140627" Time="030519">DeleteRows "Database Connections\dc_gis_gis_planning.sde\GIS_PLANNING.Zoning_Overlays"</Process><Process ToolSource="e:\arcgis\desktop10.1\ArcToolbox\Toolboxes\Data Management Tools.tbx\Append" Date="20140627" Time="030525">Append 'Database Connections\dc_gis_gis_planning.sde\GIS_PLANNING.Zoning_Overlays_TEMP' "Database Connections\dc_gis_gis_planning.sde\GIS_PLANNING.Zoning_Overlays" TEST # #</Process><Process ToolSource="e:\arcgis\desktop10.1\ArcToolbox\Toolboxes\Data Management Tools.tbx\DeleteRows" Date="20140628" Time="030627">DeleteRows "Database Connections\dc_gis_gis_planning.sde\GIS_PLANNING.Zoning_Overlays"</Process><Process ToolSource="e:\arcgis\desktop10.1\ArcToolbox\Toolboxes\Data Management Tools.tbx\Append" Date="20140628" Time="030632">Append 'Database Connections\dc_gis_gis_planning.sde\GIS_PLANNING.Zoning_Overlays_TEMP' "Database Connections\dc_gis_gis_planning.sde\GIS_PLANNING.Zoning_Overlays" TEST # #</Process><Process ToolSource="e:\arcgis\desktop10.1\ArcToolbox\Toolboxes\Data Management Tools.tbx\DeleteRows" Date="20140701" Time="030510">DeleteRows "Database Connections\dc_gis_gis_planning.sde\GIS_PLANNING.Zoning_Overlays"</Process><Process ToolSource="e:\arcgis\desktop10.1\ArcToolbox\Toolboxes\Data Management Tools.tbx\Append" Date="20140701" Time="030515">Append 'Database Connections\dc_gis_gis_planning.sde\GIS_PLANNING.Zoning_Overlays_TEMP' "Database Connections\dc_gis_gis_planning.sde\GIS_PLANNING.Zoning_Overlays" TEST # #</Process><Process ToolSource="e:\arcgis\desktop10.1\ArcToolbox\Toolboxes\Data Management Tools.tbx\DeleteRows" Date="20140702" Time="030446">DeleteRows "Database Connections\dc_gis_gis_planning.sde\GIS_PLANNING.Zoning_Overlays"</Process><Process ToolSource="e:\arcgis\desktop10.1\ArcToolbox\Toolboxes\Data Management Tools.tbx\Append" Date="20140702" Time="030451">Append 'Database Connections\dc_gis_gis_planning.sde\GIS_PLANNING.Zoning_Overlays_TEMP' "Database Connections\dc_gis_gis_planning.sde\GIS_PLANNING.Zoning_Overlays" TEST # #</Process><Process ToolSource="e:\arcgis\desktop10.1\ArcToolbox\Toolboxes\Data Management Tools.tbx\DeleteRows" Date="20140703" Time="030449">DeleteRows "Database Connections\dc_gis_gis_planning.sde\GIS_PLANNING.Zoning_Overlays"</Process><Process ToolSource="e:\arcgis\desktop10.1\ArcToolbox\Toolboxes\Data Management Tools.tbx\Append" Date="20140703" Time="030454">Append 'Database Connections\dc_gis_gis_planning.sde\GIS_PLANNING.Zoning_Overlays_TEMP' "Database Connections\dc_gis_gis_planning.sde\GIS_PLANNING.Zoning_Overlays" TEST # #</Process><Process ToolSource="e:\arcgis\desktop10.1\ArcToolbox\Toolboxes\Data Management Tools.tbx\DeleteRows" Date="20140704" Time="030434">DeleteRows "Database Connections\dc_gis_gis_planning.sde\GIS_PLANNING.Zoning_Overlays"</Process><Process ToolSource="e:\arcgis\desktop10.1\ArcToolbox\Toolboxes\Data Management Tools.tbx\Append" Date="20140704" Time="030439">Append 'Database Connections\dc_gis_gis_planning.sde\GIS_PLANNING.Zoning_Overlays_TEMP' "Database Connections\dc_gis_gis_planning.sde\GIS_PLANNING.Zoning_Overlays" TEST # #</Process><Process ToolSource="e:\arcgis\desktop10.1\ArcToolbox\Toolboxes\Data Management Tools.tbx\DeleteRows" Date="20140705" Time="030543">DeleteRows "Database Connections\dc_gis_gis_planning.sde\GIS_PLANNING.Zoning_Overlays"</Process><Process ToolSource="e:\arcgis\desktop10.1\ArcToolbox\Toolboxes\Data Management Tools.tbx\Append" Date="20140705" Time="030549">Append 'Database Connections\dc_gis_gis_planning.sde\GIS_PLANNING.Zoning_Overlays_TEMP' "Database Connections\dc_gis_gis_planning.sde\GIS_PLANNING.Zoning_Overlays" TEST # #</Process><Process ToolSource="c:\program files\arcgis\desktop10.2\ArcToolbox\Toolboxes\Data Management Tools.tbx\CopyFeatures" Date="20140707" Time="095838">CopyFeatures temp_layer C:\Users\abigail.poses\Desktop\Zoning_Overlays\shapefile\temp\Zoning_Overlays.shp # 0 0 0</Process><Process ToolSource="c:\program files\arcgis\desktop10.2\ArcToolbox\Toolboxes\Data Management Tools.tbx\Project" Date="20140707" Time="095840">Project C:\Users\abigail.poses\Desktop\Zoning_Overlays\shapefile\temp\Zoning_Overlays.shp C:\Users\abigail.poses\Desktop\Zoning_Overlays\shapefile\Zoning_Overlays.shp GEOGCS['GCS_WGS_1984',DATUM['D_WGS_1984',SPHEROID['WGS_1984',6378137.0,298.257223563]],PRIMEM['Greenwich',0.0],UNIT['Degree',0.0174532925199433],METADATA['World',-180.0,-90.0,180.0,90.0,0.0,0.0174532925199433,0.0,1262]] WGS_1984_(ITRF00)_To_NAD_1983 PROJCS['NAD_1983_StatePlane_Pennsylvania_South_FIPS_3702_Feet',GEOGCS['GCS_North_American_1983',DATUM['D_North_American_1983',SPHEROID['GRS_1980',6378137.0,298.257222101]],PRIMEM['Greenwich',0.0],UNIT['Degree',0.0174532925199433]],PROJECTION['Lambert_Conformal_Conic'],PARAMETER['False_Easting',1968500.0],PARAMETER['False_Northing',0.0],PARAMETER['Central_Meridian',-77.75],PARAMETER['Standard_Parallel_1',39.93333333333333],PARAMETER['Standard_Parallel_2',40.96666666666667],PARAMETER['Latitude_Of_Origin',39.33333333333334],UNIT['Foot_US',0.3048006096012192]]</Process></lineage></DataProperties><SyncDate>20140707</SyncDate><SyncTime>09583700</SyncTime><ModDate>20140707</ModDate><ModTime>09583700</ModTime><ArcGISProfile>FGDC</ArcGISProfile><scaleRange><minScale>150000000</minScale><maxScale>5000</maxScale></scaleRange></Esri><eainfo><detailed Name="Zoning_Overlays"><enttyp><enttypl Sync="TRUE">Zoning_Overlays</enttypl><enttypt Sync="TRUE">Feature Class</enttypt><enttypc Sync="TRUE">0</enttypc></enttyp><attr><attrlabl Sync="TRUE">FID</attrlabl><attalias Sync="TRUE">FID</attalias><attrtype Sync="TRUE">OID</attrtype><attwidth Sync="TRUE">4</attwidth><atprecis Sync="TRUE">0</atprecis><attscale Sync="TRUE">0</attscale><attrdef Sync="TRUE">Internal feature number.</attrdef><attrdefs Sync="TRUE">Esri</attrdefs><attrdomv><udom Sync="TRUE">Sequential unique whole numbers that are automatically generated.</udom></attrdomv></attr><attr><attrlabl Sync="TRUE">SHAPE</attrlabl><attalias Sync="TRUE">Shape</attalias><attrtype Sync="TRUE">Geometry</attrtype><attwidth Sync="TRUE">0</attwidth><atprecis Sync="TRUE">0</atprecis><attscale Sync="TRUE">0</attscale><attrdef Sync="TRUE">Feature geometry.</attrdef><attrdefs Sync="TRUE">ESRI</attrdefs><attrdomv><udom Sync="TRUE">Coordinates defining the features.</udom></attrdomv></attr><attr><attrlabl Sync="TRUE">OVERLAY_NA</attrlabl><attalias Sync="TRUE">OVERLAY_NA</attalias><attrtype Sync="TRUE">String</attrtype><attwidth Sync="TRUE">254</attwidth><atprecis Sync="TRUE">0</atprecis><attscale Sync="TRUE">0</attscale></attr><attr><attrlabl Sync="TRUE">OVERLAY_SY</attrlabl><attalias Sync="TRUE">OVERLAY_SY</attalias><attrtype Sync="TRUE">String</attrtype><attwidth Sync="TRUE">10</attwidth><atprecis Sync="TRUE">0</atprecis><attscale Sync="TRUE">0</attscale></attr><attr><attrlabl Sync="TRUE">REGULATION</attrlabl><attalias Sync="TRUE">REGULATION</attalias><attrtype Sync="TRUE">String</attrtype><attwidth Sync="TRUE">254</attwidth><atprecis Sync="TRUE">0</atprecis><attscale Sync="TRUE">0</attscale></attr><attr><attrlabl Sync="TRUE">CODE_SECTI</attrlabl><attalias Sync="TRUE">CODE_SECTI</attalias><attrtype Sync="TRUE">String</attrtype><attwidth Sync="TRUE">50</attwidth><atprecis Sync="TRUE">0</atprecis><attscale Sync="TRUE">0</attscale></attr><attr><attrlabl Sync="TRUE">CODE_SEC_1</attrlabl><attalias Sync="TRUE">CODE_SEC_1</attalias><attrtype Sync="TRUE">String</attrtype><attwidth Sync="TRUE">254</attwidth><atprecis Sync="TRUE">0</atprecis><attscale Sync="TRUE">0</attscale></attr><attr><attrlabl Sync="TRUE">SUNSET_DAT</attrlabl><attalias Sync="TRUE">SUNSET_DAT</attalias><attrtype Sync="TRUE">Date</attrtype><attwidth Sync="TRUE">8</attwidth><atprecis Sync="TRUE">0</atprecis><attscale Sync="TRUE">0</attscale></attr><attr><attrlabl Sync="TRUE">PENDING</attrlabl><attalias Sync="TRUE">PENDING</attalias><attrtype Sync="TRUE">String</attrtype><attwidth Sync="TRUE">10</attwidth><atprecis Sync="TRUE">0</atprecis><attscale Sync="TRUE">0</attscale></attr><attr><attrlabl Sync="TRUE">PENDINGBIL</attrlabl><attalias Sync="TRUE">PENDINGBIL</attalias><attrtype Sync="TRUE">String</attrtype><attwidth Sync="TRUE">15</attwidth><atprecis Sync="TRUE">0</atprecis><attscale Sync="TRUE">0</attscale></attr><attr><attrlabl Sync="TRUE">PENDINGB_1</attrlabl><attalias Sync="TRUE">PENDINGB_1</attalias><attrtype Sync="TRUE">String</attrtype><attwidth Sync="TRUE">175</attwidth><atprecis Sync="TRUE">0</atprecis><attscale Sync="TRUE">0</attscale></attr><attr><attrlabl Sync="TRUE">SHAPE_AREA</attrlabl><attalias Sync="TRUE">SHAPE_AREA</attalias><attrtype Sync="TRUE">Double</attrtype><attwidth Sync="TRUE">19</attwidth><atprecis Sync="TRUE">0</atprecis><attscale Sync="TRUE">0</attscale><attrdef Sync="TRUE">Area of feature in internal units squared.</attrdef><attrdefs Sync="TRUE">Esri</attrdefs><attrdomv><udom Sync="TRUE">Positive real numbers that are automatically generated.</udom></attrdomv></attr><attr><attrlabl Sync="TRUE">SHAPE_LEN</attrlabl><attalias Sync="TRUE">SHAPE_LEN</attalias><attrtype Sync="TRUE">Double</attrtype><attwidth Sync="TRUE">19</attwidth><atprecis Sync="TRUE">0</atprecis><attscale Sync="TRUE">0</attscale></attr></detailed></eainfo><dataIdInfo><idPurp>Boundaries of the City of Philadelphia Zoning Overlay Districts enacted December 15, 2011 and made effective August 22, 2012. Data last updated July 18, 2012. Metadata updated July 19, 2012.

- Features updated:  08/24/2012
- Attributes updated: 08/24/2012
- Metadata updated  09/21/2012
</idPurp><idAbs>&lt;DIV STYLE="text-align:Left;"&gt;&lt;DIV&gt;&lt;DIV&gt;&lt;P STYLE="margin:0 0 0 0;"&gt;&lt;SPAN STYLE="font-size:12pt"&gt;Polygon boundaries of Zoning Base Districts based on existing City zoning districts with revised codes applied per enactment of the new Zoning Code of December 2011, made effective August 22, 2012. District boundaries unchanged from previous zoning with the exception of certain CMX2 / CMX2.5 splits.&lt;/SPAN&gt;&lt;/P&gt;&lt;P STYLE="margin:0 0 0 0;"&gt;&lt;SPAN /&gt;&lt;/P&gt;&lt;UL STYLE="margin:0 0 0 0;padding:0 0 0 0;"&gt;&lt;LI&gt;&lt;P STYLE="font-weight:bold;"&gt;&lt;SPAN STYLE="font-size:12pt"&gt;Data Development:&lt;/SPAN&gt;&lt;/P&gt;&lt;/LI&gt;&lt;LI&gt;&lt;P STYLE="font-weight:bold;"&gt;&lt;SPAN /&gt;&lt;SPAN /&gt;&lt;/P&gt;&lt;/LI&gt;&lt;/UL&gt;&lt;P STYLE="margin:0 0 0 0;"&gt;&lt;SPAN STYLE="font-size:12pt"&gt;Polygon boundaries of Zoning Overlay Districts enacted under Section 14-500 of the Zoning Code of December 2011 and made effective August 22, 2012. Overlay zoning district regulations apply in combination with underlying base zoning district regulations of the Zoning Code. As allowed by the Zoning Code, overlay boundaries may overlap one another and are not required to be coincident with one another.  Features produced in ArcGIS Desktop using PA South Stateplane coordinates, NAD83, US Foot&lt;/SPAN&gt;&lt;/P&gt;&lt;P STYLE="margin:0 0 0 0;"&gt;&lt;SPAN /&gt;&lt;/P&gt;&lt;P STYLE="margin:0 0 0 0;"&gt;&lt;SPAN STYLE="font-weight:bold;font-size:12pt"&gt;KEY ATTRIBUTE FIELDS:&lt;/SPAN&gt;&lt;/P&gt;&lt;P STYLE="margin:0 0 0 0;"&gt;&lt;SPAN /&gt;&lt;/P&gt;&lt;P STYLE="margin:0 0 0 0;"&gt;&lt;SPAN STYLE="font-weight:bold;font-size:12pt"&gt;Name: &lt;/SPAN&gt;&lt;SPAN STYLE="font-size:12pt"&gt;Name of Overlay District&lt;/SPAN&gt;&lt;/P&gt;&lt;P STYLE="margin:0 0 0 0;"&gt;&lt;SPAN /&gt;&lt;/P&gt;&lt;P STYLE="margin:0 0 0 0;"&gt;&lt;SPAN STYLE="font-weight:bold;font-size:12pt"&gt;Symbol: &lt;/SPAN&gt;&lt;SPAN STYLE="font-size:12pt"&gt;Symbol or text used to denote the Overlay District on a map.&lt;/SPAN&gt;&lt;/P&gt;&lt;P /&gt;&lt;P STYLE="margin:0 0 0 0;"&gt;&lt;SPAN STYLE="font-weight:bold;font-size:12pt"&gt;Regulation Type: &lt;/SPAN&gt;&lt;SPAN STYLE="font-size:12pt"&gt;Brief summary of the uses regulated under the Overlay District&lt;/SPAN&gt;&lt;/P&gt;&lt;P STYLE="margin:0 0 0 0;"&gt;&lt;SPAN /&gt;&lt;/P&gt;&lt;P STYLE="margin:0 0 0 0;"&gt;&lt;SPAN STYLE="font-weight:bold;font-size:12pt"&gt;Code Section: &lt;/SPAN&gt;&lt;SPAN STYLE="font-size:12pt"&gt;Reference to the section of the Zoning Code describing the Overlay District&lt;/SPAN&gt;&lt;/P&gt;&lt;P STYLE="margin:0 0 0 0;"&gt;&lt;SPAN /&gt;&lt;/P&gt;&lt;P STYLE="margin:0 0 0 0;"&gt;&lt;SPAN STYLE="font-weight:bold;font-size:12pt"&gt;Code Link: &lt;/SPAN&gt;&lt;SPAN STYLE="font-size:12pt"&gt;Hyperlink to the American Legal website containing a copy of the Philadelphia Zoning Code &lt;/SPAN&gt;&lt;/P&gt;&lt;P STYLE="margin:0 0 0 0;"&gt;&lt;SPAN /&gt;&lt;/P&gt;&lt;P STYLE="margin:0 0 0 0;"&gt;&lt;SPAN STYLE="font-weight:bold;font-size:12pt"&gt;Sunset Date: &lt;/SPAN&gt;&lt;SPAN STYLE="font-size:12pt"&gt;Date on which a particular Overlay District is to end and cease to be law.&lt;/SPAN&gt;&lt;/P&gt;&lt;P /&gt;&lt;UL STYLE="margin:0 0 0 0;padding:0 0 0 0;"&gt;&lt;LI&gt;&lt;P STYLE="font-weight:bold;"&gt;&lt;SPAN /&gt;&lt;/P&gt;&lt;P STYLE="font-weight:bold;"&gt;&lt;SPAN STYLE="font-size:12pt"&gt;Philadelphia Zoning-Related Websites:&lt;/SPAN&gt;&lt;/P&gt;&lt;/LI&gt;&lt;/UL&gt;&lt;P STYLE="font-weight:bold;"&gt;&lt;SPAN STYLE="font-size:12pt"&gt;Zoning Code -- &lt;/SPAN&gt;&lt;SPAN STYLE="font-size:12pt"&gt;http://www.amlegal.com/library/pa/philadelphia.shtml and navigate to Title 14&lt;/SPAN&gt;&lt;/P&gt;&lt;P STYLE="font-weight:bold;"&gt;&lt;SPAN STYLE="font-size:12pt"&gt;Zonng Map -- &lt;/SPAN&gt;&lt;SPAN STYLE="font-size:12pt"&gt;http://www.phila.gov/map On pop-up menu scroll down to 'Zoning'&lt;/SPAN&gt;&lt;/P&gt;&lt;P STYLE="font-weight:bold;"&gt;&lt;SPAN STYLE="font-size:12pt"&gt;Zoning Administration Manual -- &lt;/SPAN&gt;&lt;SPAN STYLE="font-size:12pt"&gt;http://www.phila.gov/CityPlanning/projectreviews/Pages/Zoning.aspx&lt;/SPAN&gt;&lt;/P&gt;&lt;P&gt;&lt;SPAN STYLE="font-size:12pt"&gt;-------------------------------------------------&lt;/SPAN&gt;&lt;/P&gt;&lt;P&gt;&lt;SPAN STYLE="font-size:12pt"&gt;Projection: Lambert Conformal Conic&lt;/SPAN&gt;&lt;/P&gt;&lt;P&gt;&lt;SPAN STYLE="font-size:12pt"&gt;XY Coordinate System: NAD 1983 StatePlane Pennsylvania South FIPS 3702 (US Feet)&lt;/SPAN&gt;&lt;/P&gt;&lt;P&gt;&lt;SPAN STYLE="font-size:12pt"&gt;Datum: NAD 1983&lt;/SPAN&gt;&lt;/P&gt;&lt;P&gt;&lt;SPAN STYLE="font-size:12pt"&gt;Units of Measurement: Foot_US&lt;/SPAN&gt;&lt;/P&gt;&lt;P&gt;&lt;SPAN /&gt;&lt;/P&gt;&lt;/DIV&gt;&lt;/DIV&gt;&lt;/DIV&gt;</idAbs><idCredit>Natalie Shieh and Pauline Loughlin
Philadelphia City Planning Commission
1515 Arch Street, 13 Fl, Philadelphia, PA  19102
natalie.shieh@phila.gov, (215) 683 - 4652; pauline.loughlin@phila.gov, (215) 683 - 4662
GIS Manager: Darshna Patel
darshna.patel@phila.gov, (215) 683-4611
</idCredit><idCitation><resTitle>New Zoning Code Overlays</resTitle><presForm><PresFormCd value="005" Sync="TRUE"></PresFormCd></presForm></idCitation><searchKeys><keyword>Philadelphia City Planning Commission</keyword><keyword>City of Philadelphia</keyword><keyword>Planning</keyword><keyword>City Planning</keyword><keyword>PCPC</keyword><keyword>Philadelphia</keyword><keyword>City of Philadelphia</keyword><keyword>Zoning</keyword><keyword>Overlay</keyword><keyword>Districts</keyword></searchKeys><resConst><Consts><useLimit>&lt;DIV STYLE="text-align:Left;"&gt;&lt;DIV&gt;&lt;DIV&gt;&lt;P STYLE="margin:0 0 0 0;"&gt;&lt;SPAN&gt;The City of Philadelphia makes no representation about the accuracy of any specific information in this GIS data and is provided “as is” and without Warranty of any kind. The user of this data will assume complete responsibility for any and all occurrences resulting from its use or display and will hold the City of Philadelphia harmless from any and all claims, demands, liabilities, obligations, damages, suits, judgments or settlements, including reasonable costs and attorneys' fees, that arise from use of this data.&lt;/SPAN&gt;&lt;/P&gt;&lt;/DIV&gt;&lt;/DIV&gt;&lt;/DIV&gt;</useLimit></Consts></resConst><envirDesc Sync="TRUE">Microsoft Windows 7 Version 6.1 (Build 7601) Service Pack 1; Esri ArcGIS 10.2.1.3497</envirDesc><dataLang><languageCode value="eng" Sync="TRUE"></languageCode><countryCode value="USA" Sync="TRUE"></countryCode></dataLang><spatRpType><SpatRepTypCd value="001" Sync="TRUE"></SpatRepTypCd></spatRpType><dataExt><geoEle><GeoBndBox esriExtentType="search"><exTypeCode Sync="TRUE">1</exTypeCode><westBL Sync="TRUE">-75.284560</westBL><eastBL Sync="TRUE">-74.954032</eastBL><northBL Sync="TRUE">40.143806</northBL><southBL Sync="TRUE">39.861287</southBL></GeoBndBox></geoEle></dataExt></dataIdInfo><mdLang><languageCode value="eng" Sync="TRUE"></languageCode><countryCode value="USA" Sync="TRUE"></countryCode></mdLang><distInfo><distFormat><formatName Sync="TRUE">Shapefile</formatName></distFormat><distTranOps><transSize Sync="TRUE">0.000</transSize></distTranOps></distInfo><mdHrLv><ScopeCd value="005" Sync="TRUE"></ScopeCd></mdHrLv><mdHrLvName Sync="TRUE">dataset</mdHrLvName><refSysInfo><RefSystem><refSysID><identCode code="2272" Sync="TRUE" value="2272"></identCode><idCodeSpace Sync="TRUE">EPSG</idCodeSpace><idVersion Sync="TRUE">8.2.6</idVersion></refSysID></RefSystem></refSysInfo><spatRepInfo><VectSpatRep><geometObjs Name="Zoning_Overlays"><geoObjTyp><GeoObjTypCd value="002" Sync="TRUE"></GeoObjTypCd></geoObjTyp><geoObjCnt Sync="TRUE">0</geoObjCnt></geometObjs><topLvl><TopoLevCd value="001" Sync="TRUE"></TopoLevCd></topLvl></VectSpatRep></spatRepInfo><spdoinfo><ptvctinf><esriterm Name="Zoning_Overlays"><efeatyp Sync="TRUE">Simple</efeatyp><efeageom code="4" Sync="TRUE"></efeageom><esritopo Sync="TRUE">FALSE</esritopo><efeacnt Sync="TRUE">0</efeacnt><spindex Sync="TRUE">FALSE</spindex><linrefer Sync="TRUE">FALSE</linrefer></esriterm></ptvctinf></spdoinfo><mdDateSt Sync="TRUE">20140707</mdDateSt></metadata>
