<?xml version="1.0" encoding="UTF-8"?>
<metadata xml:lang="en"><Esri><CreaDate>20140707</CreaDate><CreaTime>10005100</CreaTime><ArcGISFormat>1.0</ArcGISFormat><SyncOnce>FALSE</SyncOnce><DataProperties><lineage><Process ToolSource="e:\arcgis\desktop10.1\ArcToolbox\Toolboxes\Data Management Tools.tbx\DeleteRows" Date="20140315" Time="033837">DeleteRows "Database Connections\dc_gis_gis_planning.sde\GIS_PLANNING.Zoning_RCO"</Process><Process ToolSource="e:\arcgis\desktop10.1\ArcToolbox\Toolboxes\Data Management Tools.tbx\Append" Date="20140315" Time="033842">Append 'Database Connections\dc_gis_gis_planning.sde\GIS_PLANNING.Zoning_RCO_TEMP' "Database Connections\dc_gis_gis_planning.sde\GIS_PLANNING.Zoning_RCO" TEST # #</Process><Process ToolSource="e:\arcgis\desktop10.1\ArcToolbox\Toolboxes\Data Management Tools.tbx\DeleteRows" Date="20140319" Time="033651">DeleteRows "Database Connections\dc_gis_gis_planning.sde\GIS_PLANNING.Zoning_RCO"</Process><Process ToolSource="e:\arcgis\desktop10.1\ArcToolbox\Toolboxes\Data Management Tools.tbx\Append" Date="20140319" Time="033655">Append 'Database Connections\dc_gis_gis_planning.sde\GIS_PLANNING.Zoning_RCO_TEMP' "Database Connections\dc_gis_gis_planning.sde\GIS_PLANNING.Zoning_RCO" TEST # #</Process><Process ToolSource="e:\arcgis\desktop10.1\ArcToolbox\Toolboxes\Data Management Tools.tbx\DeleteRows" Date="20140322" Time="033833">DeleteRows "Database Connections\dc_gis_gis_planning.sde\GIS_PLANNING.Zoning_RCO"</Process><Process ToolSource="e:\arcgis\desktop10.1\ArcToolbox\Toolboxes\Data Management Tools.tbx\Append" Date="20140322" Time="033838">Append 'Database Connections\dc_gis_gis_planning.sde\GIS_PLANNING.Zoning_RCO_TEMP' "Database Connections\dc_gis_gis_planning.sde\GIS_PLANNING.Zoning_RCO" TEST # #</Process><Process ToolSource="e:\arcgis\desktop10.1\ArcToolbox\Toolboxes\Data Management Tools.tbx\DeleteRows" Date="20140326" Time="034130">DeleteRows "Database Connections\dc_gis_gis_planning.sde\GIS_PLANNING.Zoning_RCO"</Process><Process ToolSource="e:\arcgis\desktop10.1\ArcToolbox\Toolboxes\Data Management Tools.tbx\Append" Date="20140326" Time="034136">Append 'Database Connections\dc_gis_gis_planning.sde\GIS_PLANNING.Zoning_RCO_TEMP' "Database Connections\dc_gis_gis_planning.sde\GIS_PLANNING.Zoning_RCO" TEST # #</Process><Process ToolSource="e:\arcgis\desktop10.1\ArcToolbox\Toolboxes\Data Management Tools.tbx\DeleteRows" Date="20140329" Time="034044">DeleteRows "Database Connections\dc_gis_gis_planning.sde\GIS_PLANNING.Zoning_RCO"</Process><Process ToolSource="e:\arcgis\desktop10.1\ArcToolbox\Toolboxes\Data Management Tools.tbx\Append" Date="20140329" Time="034049">Append 'Database Connections\dc_gis_gis_planning.sde\GIS_PLANNING.Zoning_RCO_TEMP' "Database Connections\dc_gis_gis_planning.sde\GIS_PLANNING.Zoning_RCO" TEST # #</Process><Process ToolSource="e:\arcgis\desktop10.1\ArcToolbox\Toolboxes\Data Management Tools.tbx\DeleteRows" Date="20140405" Time="034120">DeleteRows "Database Connections\dc_gis_gis_planning.sde\GIS_PLANNING.Zoning_RCO"</Process><Process ToolSource="e:\arcgis\desktop10.1\ArcToolbox\Toolboxes\Data Management Tools.tbx\Append" Date="20140405" Time="034126">Append 'Database Connections\dc_gis_gis_planning.sde\GIS_PLANNING.Zoning_RCO_TEMP' "Database Connections\dc_gis_gis_planning.sde\GIS_PLANNING.Zoning_RCO" TEST # #</Process><Process ToolSource="e:\arcgis\desktop10.1\ArcToolbox\Toolboxes\Data Management Tools.tbx\DeleteRows" Date="20140409" Time="034053">DeleteRows "Database Connections\dc_gis_gis_planning.sde\GIS_PLANNING.Zoning_RCO"</Process><Process ToolSource="e:\arcgis\desktop10.1\ArcToolbox\Toolboxes\Data Management Tools.tbx\Append" Date="20140409" Time="034058">Append 'Database Connections\dc_gis_gis_planning.sde\GIS_PLANNING.Zoning_RCO_TEMP' "Database Connections\dc_gis_gis_planning.sde\GIS_PLANNING.Zoning_RCO" TEST # #</Process><Process ToolSource="e:\arcgis\desktop10.1\ArcToolbox\Toolboxes\Data Management Tools.tbx\DeleteRows" Date="20140412" Time="033710">DeleteRows "Database Connections\dc_gis_gis_planning.sde\GIS_PLANNING.Zoning_RCO"</Process><Process ToolSource="e:\arcgis\desktop10.1\ArcToolbox\Toolboxes\Data Management Tools.tbx\Append" Date="20140412" Time="033716">Append 'Database Connections\dc_gis_gis_planning.sde\GIS_PLANNING.Zoning_RCO_TEMP' "Database Connections\dc_gis_gis_planning.sde\GIS_PLANNING.Zoning_RCO" TEST # #</Process><Process ToolSource="e:\arcgis\desktop10.1\ArcToolbox\Toolboxes\Data Management Tools.tbx\DeleteRows" Date="20140416" Time="033812">DeleteRows "Database Connections\dc_gis_gis_planning.sde\GIS_PLANNING.Zoning_RCO"</Process><Process ToolSource="e:\arcgis\desktop10.1\ArcToolbox\Toolboxes\Data Management Tools.tbx\Append" Date="20140416" Time="033818">Append 'Database Connections\dc_gis_gis_planning.sde\GIS_PLANNING.Zoning_RCO_TEMP' "Database Connections\dc_gis_gis_planning.sde\GIS_PLANNING.Zoning_RCO" TEST # #</Process><Process ToolSource="e:\arcgis\desktop10.1\ArcToolbox\Toolboxes\Data Management Tools.tbx\DeleteRows" Date="20140419" Time="034018">DeleteRows "Database Connections\dc_gis_gis_planning.sde\GIS_PLANNING.Zoning_RCO"</Process><Process ToolSource="e:\arcgis\desktop10.1\ArcToolbox\Toolboxes\Data Management Tools.tbx\Append" Date="20140419" Time="034025">Append 'Database Connections\dc_gis_gis_planning.sde\GIS_PLANNING.Zoning_RCO_TEMP' "Database Connections\dc_gis_gis_planning.sde\GIS_PLANNING.Zoning_RCO" TEST # #</Process><Process ToolSource="e:\arcgis\desktop10.1\ArcToolbox\Toolboxes\Data Management Tools.tbx\DeleteRows" Date="20140423" Time="034052">DeleteRows "Database Connections\dc_gis_gis_planning.sde\GIS_PLANNING.Zoning_RCO"</Process><Process ToolSource="e:\arcgis\desktop10.1\ArcToolbox\Toolboxes\Data Management Tools.tbx\Append" Date="20140423" Time="034057">Append 'Database Connections\dc_gis_gis_planning.sde\GIS_PLANNING.Zoning_RCO_TEMP' "Database Connections\dc_gis_gis_planning.sde\GIS_PLANNING.Zoning_RCO" TEST # #</Process><Process ToolSource="e:\arcgis\desktop10.1\ArcToolbox\Toolboxes\Data Management Tools.tbx\DeleteRows" Date="20140426" Time="034208">DeleteRows "Database Connections\dc_gis_gis_planning.sde\GIS_PLANNING.Zoning_RCO"</Process><Process ToolSource="e:\arcgis\desktop10.1\ArcToolbox\Toolboxes\Data Management Tools.tbx\Append" Date="20140426" Time="034214">Append 'Database Connections\dc_gis_gis_planning.sde\GIS_PLANNING.Zoning_RCO_TEMP' "Database Connections\dc_gis_gis_planning.sde\GIS_PLANNING.Zoning_RCO" TEST # #</Process><Process ToolSource="e:\arcgis\desktop10.1\ArcToolbox\Toolboxes\Data Management Tools.tbx\DeleteRows" Date="20140430" Time="034004">DeleteRows "Database Connections\dc_gis_gis_planning.sde\GIS_PLANNING.Zoning_RCO"</Process><Process ToolSource="e:\arcgis\desktop10.1\ArcToolbox\Toolboxes\Data Management Tools.tbx\Append" Date="20140430" Time="034011">Append 'Database Connections\dc_gis_gis_planning.sde\GIS_PLANNING.Zoning_RCO_TEMP' "Database Connections\dc_gis_gis_planning.sde\GIS_PLANNING.Zoning_RCO" TEST # #</Process><Process ToolSource="e:\arcgis\desktop10.1\ArcToolbox\Toolboxes\Data Management Tools.tbx\DeleteRows" Date="20140503" Time="033615">DeleteRows "Database Connections\dc_gis_gis_planning.sde\GIS_PLANNING.Zoning_RCO"</Process><Process ToolSource="e:\arcgis\desktop10.1\ArcToolbox\Toolboxes\Data Management Tools.tbx\Append" Date="20140503" Time="033621">Append 'Database Connections\dc_gis_gis_planning.sde\GIS_PLANNING.Zoning_RCO_TEMP' "Database Connections\dc_gis_gis_planning.sde\GIS_PLANNING.Zoning_RCO" TEST # #</Process><Process ToolSource="e:\arcgis\desktop10.1\ArcToolbox\Toolboxes\Data Management Tools.tbx\DeleteRows" Date="20140507" Time="034219">DeleteRows "Database Connections\dc_gis_gis_planning.sde\GIS_PLANNING.Zoning_RCO"</Process><Process ToolSource="e:\arcgis\desktop10.1\ArcToolbox\Toolboxes\Data Management Tools.tbx\Append" Date="20140507" Time="034224">Append 'Database Connections\dc_gis_gis_planning.sde\GIS_PLANNING.Zoning_RCO_TEMP' "Database Connections\dc_gis_gis_planning.sde\GIS_PLANNING.Zoning_RCO" TEST # #</Process><Process ToolSource="e:\arcgis\desktop10.1\ArcToolbox\Toolboxes\Data Management Tools.tbx\DeleteRows" Date="20140510" Time="034216">DeleteRows "Database Connections\dc_gis_gis_planning.sde\GIS_PLANNING.Zoning_RCO"</Process><Process ToolSource="e:\arcgis\desktop10.1\ArcToolbox\Toolboxes\Data Management Tools.tbx\Append" Date="20140510" Time="034222">Append 'Database Connections\dc_gis_gis_planning.sde\GIS_PLANNING.Zoning_RCO_TEMP' "Database Connections\dc_gis_gis_planning.sde\GIS_PLANNING.Zoning_RCO" TEST # #</Process><Process ToolSource="e:\arcgis\desktop10.1\ArcToolbox\Toolboxes\Data Management Tools.tbx\DeleteRows" Date="20140514" Time="034222">DeleteRows "Database Connections\dc_gis_gis_planning.sde\GIS_PLANNING.Zoning_RCO"</Process><Process ToolSource="e:\arcgis\desktop10.1\ArcToolbox\Toolboxes\Data Management Tools.tbx\Append" Date="20140514" Time="034228">Append 'Database Connections\dc_gis_gis_planning.sde\GIS_PLANNING.Zoning_RCO_TEMP' "Database Connections\dc_gis_gis_planning.sde\GIS_PLANNING.Zoning_RCO" TEST # #</Process><Process ToolSource="e:\arcgis\desktop10.1\ArcToolbox\Toolboxes\Data Management Tools.tbx\DeleteRows" Date="20140517" Time="034153">DeleteRows "Database Connections\dc_gis_gis_planning.sde\GIS_PLANNING.Zoning_RCO"</Process><Process ToolSource="e:\arcgis\desktop10.1\ArcToolbox\Toolboxes\Data Management Tools.tbx\Append" Date="20140517" Time="034159">Append 'Database Connections\dc_gis_gis_planning.sde\GIS_PLANNING.Zoning_RCO_TEMP' "Database Connections\dc_gis_gis_planning.sde\GIS_PLANNING.Zoning_RCO" TEST # #</Process><Process ToolSource="e:\arcgis\desktop10.1\ArcToolbox\Toolboxes\Data Management Tools.tbx\DeleteRows" Date="20140521" Time="034113">DeleteRows "Database Connections\dc_gis_gis_planning.sde\GIS_PLANNING.Zoning_RCO"</Process><Process ToolSource="e:\arcgis\desktop10.1\ArcToolbox\Toolboxes\Data Management Tools.tbx\Append" Date="20140521" Time="034120">Append 'Database Connections\dc_gis_gis_planning.sde\GIS_PLANNING.Zoning_RCO_TEMP' "Database Connections\dc_gis_gis_planning.sde\GIS_PLANNING.Zoning_RCO" TEST # #</Process><Process ToolSource="e:\arcgis\desktop10.1\ArcToolbox\Toolboxes\Data Management Tools.tbx\DeleteRows" Date="20140524" Time="034845">DeleteRows "Database Connections\dc_gis_gis_planning.sde\GIS_PLANNING.Zoning_RCO"</Process><Process ToolSource="e:\arcgis\desktop10.1\ArcToolbox\Toolboxes\Data Management Tools.tbx\Append" Date="20140524" Time="034851">Append 'Database Connections\dc_gis_gis_planning.sde\GIS_PLANNING.Zoning_RCO_TEMP' "Database Connections\dc_gis_gis_planning.sde\GIS_PLANNING.Zoning_RCO" TEST # #</Process><Process ToolSource="e:\arcgis\desktop10.1\ArcToolbox\Toolboxes\Data Management Tools.tbx\DeleteRows" Date="20140528" Time="035014">DeleteRows "Database Connections\dc_gis_gis_planning.sde\GIS_PLANNING.Zoning_RCO"</Process><Process ToolSource="e:\arcgis\desktop10.1\ArcToolbox\Toolboxes\Data Management Tools.tbx\Append" Date="20140528" Time="035021">Append 'Database Connections\dc_gis_gis_planning.sde\GIS_PLANNING.Zoning_RCO_TEMP' "Database Connections\dc_gis_gis_planning.sde\GIS_PLANNING.Zoning_RCO" TEST # #</Process><Process ToolSource="e:\arcgis\desktop10.1\ArcToolbox\Toolboxes\Data Management Tools.tbx\DeleteRows" Date="20140531" Time="034559">DeleteRows "Database Connections\dc_gis_gis_planning.sde\GIS_PLANNING.Zoning_RCO"</Process><Process ToolSource="e:\arcgis\desktop10.1\ArcToolbox\Toolboxes\Data Management Tools.tbx\Append" Date="20140531" Time="034605">Append 'Database Connections\dc_gis_gis_planning.sde\GIS_PLANNING.Zoning_RCO_TEMP' "Database Connections\dc_gis_gis_planning.sde\GIS_PLANNING.Zoning_RCO" TEST # #</Process><Process ToolSource="e:\arcgis\desktop10.1\ArcToolbox\Toolboxes\Data Management Tools.tbx\DeleteRows" Date="20140604" Time="033736">DeleteRows "Database Connections\dc_gis_gis_planning.sde\GIS_PLANNING.Zoning_RCO"</Process><Process ToolSource="e:\arcgis\desktop10.1\ArcToolbox\Toolboxes\Data Management Tools.tbx\Append" Date="20140604" Time="033743">Append 'Database Connections\dc_gis_gis_planning.sde\GIS_PLANNING.Zoning_RCO_TEMP' "Database Connections\dc_gis_gis_planning.sde\GIS_PLANNING.Zoning_RCO" TEST # #</Process><Process ToolSource="e:\arcgis\desktop10.1\ArcToolbox\Toolboxes\Data Management Tools.tbx\DeleteRows" Date="20140604" Time="055534">DeleteRows "Database Connections\dc_gis_gis_planning.sde\GIS_PLANNING.Zoning_RCO"</Process><Process ToolSource="e:\arcgis\desktop10.1\ArcToolbox\Toolboxes\Data Management Tools.tbx\Append" Date="20140604" Time="055539">Append 'Database Connections\dc_gis_gis_planning.sde\GIS_PLANNING.Zoning_RCO_TEMP' "Database Connections\dc_gis_gis_planning.sde\GIS_PLANNING.Zoning_RCO" TEST # #</Process><Process ToolSource="e:\arcgis\desktop10.1\ArcToolbox\Toolboxes\Data Management Tools.tbx\DeleteRows" Date="20140607" Time="034118">DeleteRows "Database Connections\dc_gis_gis_planning.sde\GIS_PLANNING.Zoning_RCO"</Process><Process ToolSource="e:\arcgis\desktop10.1\ArcToolbox\Toolboxes\Data Management Tools.tbx\Append" Date="20140607" Time="034125">Append 'Database Connections\dc_gis_gis_planning.sde\GIS_PLANNING.Zoning_RCO_TEMP' "Database Connections\dc_gis_gis_planning.sde\GIS_PLANNING.Zoning_RCO" TEST # #</Process><Process ToolSource="e:\arcgis\desktop10.1\ArcToolbox\Toolboxes\Data Management Tools.tbx\DeleteRows" Date="20140611" Time="033949">DeleteRows "Database Connections\dc_gis_gis_planning.sde\GIS_PLANNING.Zoning_RCO"</Process><Process ToolSource="e:\arcgis\desktop10.1\ArcToolbox\Toolboxes\Data Management Tools.tbx\Append" Date="20140611" Time="033955">Append 'Database Connections\dc_gis_gis_planning.sde\GIS_PLANNING.Zoning_RCO_TEMP' "Database Connections\dc_gis_gis_planning.sde\GIS_PLANNING.Zoning_RCO" TEST # #</Process><Process ToolSource="e:\arcgis\desktop10.1\ArcToolbox\Toolboxes\Data Management Tools.tbx\DeleteRows" Date="20140614" Time="033735">DeleteRows "Database Connections\dc_gis_gis_planning.sde\GIS_PLANNING.Zoning_RCO"</Process><Process ToolSource="e:\arcgis\desktop10.1\ArcToolbox\Toolboxes\Data Management Tools.tbx\Append" Date="20140614" Time="033741">Append 'Database Connections\dc_gis_gis_planning.sde\GIS_PLANNING.Zoning_RCO_TEMP' "Database Connections\dc_gis_gis_planning.sde\GIS_PLANNING.Zoning_RCO" TEST # #</Process><Process ToolSource="e:\arcgis\desktop10.1\ArcToolbox\Toolboxes\Data Management Tools.tbx\DeleteRows" Date="20140616" Time="214930">DeleteRows "Database Connections\dc_gis_gis_planning.sde\GIS_PLANNING.Zoning_RCO"</Process><Process ToolSource="e:\arcgis\desktop10.1\ArcToolbox\Toolboxes\Data Management Tools.tbx\Append" Date="20140616" Time="214935">Append 'Database Connections\dc_gis_gis_planning.sde\GIS_PLANNING.Zoning_RCO_TEMP' "Database Connections\dc_gis_gis_planning.sde\GIS_PLANNING.Zoning_RCO" TEST # #</Process><Process ToolSource="e:\arcgis\desktop10.1\ArcToolbox\Toolboxes\Data Management Tools.tbx\DeleteRows" Date="20140618" Time="033826">DeleteRows "Database Connections\dc_gis_gis_planning.sde\GIS_PLANNING.Zoning_RCO"</Process><Process ToolSource="e:\arcgis\desktop10.1\ArcToolbox\Toolboxes\Data Management Tools.tbx\Append" Date="20140618" Time="033832">Append 'Database Connections\dc_gis_gis_planning.sde\GIS_PLANNING.Zoning_RCO_TEMP' "Database Connections\dc_gis_gis_planning.sde\GIS_PLANNING.Zoning_RCO" TEST # #</Process><Process ToolSource="e:\arcgis\desktop10.1\ArcToolbox\Toolboxes\Data Management Tools.tbx\DeleteRows" Date="20140621" Time="074529">DeleteRows "Database Connections\dc_gis_gis_planning.sde\GIS_PLANNING.Zoning_RCO"</Process><Process ToolSource="e:\arcgis\desktop10.1\ArcToolbox\Toolboxes\Data Management Tools.tbx\Append" Date="20140621" Time="074533">Append 'Database Connections\dc_gis_gis_planning.sde\GIS_PLANNING.Zoning_RCO_TEMP' "Database Connections\dc_gis_gis_planning.sde\GIS_PLANNING.Zoning_RCO" TEST # #</Process><Process ToolSource="e:\arcgis\desktop10.1\ArcToolbox\Toolboxes\Data Management Tools.tbx\DeleteRows" Date="20140625" Time="030958">DeleteRows "Database Connections\dc_gis_gis_planning.sde\GIS_PLANNING.Zoning_RCO"</Process><Process ToolSource="e:\arcgis\desktop10.1\ArcToolbox\Toolboxes\Data Management Tools.tbx\Append" Date="20140625" Time="031004">Append 'Database Connections\dc_gis_gis_planning.sde\GIS_PLANNING.Zoning_RCO_TEMP' "Database Connections\dc_gis_gis_planning.sde\GIS_PLANNING.Zoning_RCO" TEST # #</Process><Process ToolSource="e:\arcgis\desktop10.1\ArcToolbox\Toolboxes\Data Management Tools.tbx\DeleteRows" Date="20140627" Time="033756">DeleteRows "Database Connections\dc_gis_gis_planning.sde\GIS_PLANNING.Zoning_RCO"</Process><Process ToolSource="e:\arcgis\desktop10.1\ArcToolbox\Toolboxes\Data Management Tools.tbx\Append" Date="20140627" Time="033802">Append 'Database Connections\dc_gis_gis_planning.sde\GIS_PLANNING.Zoning_RCO_TEMP' "Database Connections\dc_gis_gis_planning.sde\GIS_PLANNING.Zoning_RCO" TEST # #</Process><Process ToolSource="e:\arcgis\desktop10.1\ArcToolbox\Toolboxes\Data Management Tools.tbx\DeleteRows" Date="20140628" Time="034132">DeleteRows "Database Connections\dc_gis_gis_planning.sde\GIS_PLANNING.Zoning_RCO"</Process><Process ToolSource="e:\arcgis\desktop10.1\ArcToolbox\Toolboxes\Data Management Tools.tbx\Append" Date="20140628" Time="034139">Append 'Database Connections\dc_gis_gis_planning.sde\GIS_PLANNING.Zoning_RCO_TEMP' "Database Connections\dc_gis_gis_planning.sde\GIS_PLANNING.Zoning_RCO" TEST # #</Process><Process ToolSource="e:\arcgis\desktop10.1\ArcToolbox\Toolboxes\Data Management Tools.tbx\DeleteRows" Date="20140701" Time="033837">DeleteRows "Database Connections\dc_gis_gis_planning.sde\GIS_PLANNING.Zoning_RCO"</Process><Process ToolSource="e:\arcgis\desktop10.1\ArcToolbox\Toolboxes\Data Management Tools.tbx\Append" Date="20140701" Time="033844">Append 'Database Connections\dc_gis_gis_planning.sde\GIS_PLANNING.Zoning_RCO_TEMP' "Database Connections\dc_gis_gis_planning.sde\GIS_PLANNING.Zoning_RCO" TEST # #</Process><Process ToolSource="e:\arcgis\desktop10.1\ArcToolbox\Toolboxes\Data Management Tools.tbx\DeleteRows" Date="20140702" Time="033947">DeleteRows "Database Connections\dc_gis_gis_planning.sde\GIS_PLANNING.Zoning_RCO"</Process><Process ToolSource="e:\arcgis\desktop10.1\ArcToolbox\Toolboxes\Data Management Tools.tbx\Append" Date="20140702" Time="033954">Append 'Database Connections\dc_gis_gis_planning.sde\GIS_PLANNING.Zoning_RCO_TEMP' "Database Connections\dc_gis_gis_planning.sde\GIS_PLANNING.Zoning_RCO" TEST # #</Process><Process ToolSource="e:\arcgis\desktop10.1\ArcToolbox\Toolboxes\Data Management Tools.tbx\DeleteRows" Date="20140703" Time="033544">DeleteRows "Database Connections\dc_gis_gis_planning.sde\GIS_PLANNING.Zoning_RCO"</Process><Process ToolSource="e:\arcgis\desktop10.1\ArcToolbox\Toolboxes\Data Management Tools.tbx\Append" Date="20140703" Time="033550">Append 'Database Connections\dc_gis_gis_planning.sde\GIS_PLANNING.Zoning_RCO_TEMP' "Database Connections\dc_gis_gis_planning.sde\GIS_PLANNING.Zoning_RCO" TEST # #</Process><Process ToolSource="e:\arcgis\desktop10.1\ArcToolbox\Toolboxes\Data Management Tools.tbx\DeleteRows" Date="20140704" Time="033819">DeleteRows "Database Connections\dc_gis_gis_planning.sde\GIS_PLANNING.Zoning_RCO"</Process><Process ToolSource="e:\arcgis\desktop10.1\ArcToolbox\Toolboxes\Data Management Tools.tbx\Append" Date="20140704" Time="033827">Append 'Database Connections\dc_gis_gis_planning.sde\GIS_PLANNING.Zoning_RCO_TEMP' "Database Connections\dc_gis_gis_planning.sde\GIS_PLANNING.Zoning_RCO" TEST # #</Process><Process ToolSource="e:\arcgis\desktop10.1\ArcToolbox\Toolboxes\Data Management Tools.tbx\DeleteRows" Date="20140705" Time="033734">DeleteRows "Database Connections\dc_gis_gis_planning.sde\GIS_PLANNING.Zoning_RCO"</Process><Process ToolSource="e:\arcgis\desktop10.1\ArcToolbox\Toolboxes\Data Management Tools.tbx\Append" Date="20140705" Time="033741">Append 'Database Connections\dc_gis_gis_planning.sde\GIS_PLANNING.Zoning_RCO_TEMP' "Database Connections\dc_gis_gis_planning.sde\GIS_PLANNING.Zoning_RCO" TEST # #</Process><Process ToolSource="c:\program files\arcgis\desktop10.2\ArcToolbox\Toolboxes\Data Management Tools.tbx\CopyFeatures" Date="20140707" Time="100048">CopyFeatures temp_layer C:\Users\abigail.poses\Desktop\Zoning_Registered_Community_Organizations\shapefile\temp\Zoning_Registered_Community_Organizations.shp # 0 0 0</Process><Process ToolSource="c:\program files\arcgis\desktop10.2\ArcToolbox\Toolboxes\Data Management Tools.tbx\Project" Date="20140707" Time="100051">Project C:\Users\abigail.poses\Desktop\Zoning_Registered_Community_Organizations\shapefile\temp\Zoning_Registered_Community_Organizations.shp C:\Users\abigail.poses\Desktop\Zoning_Registered_Community_Organizations\shapefile\Zoning_Registered_Community_Organizations.shp GEOGCS['GCS_WGS_1984',DATUM['D_WGS_1984',SPHEROID['WGS_1984',6378137.0,298.257223563]],PRIMEM['Greenwich',0.0],UNIT['Degree',0.0174532925199433],METADATA['World',-180.0,-90.0,180.0,90.0,0.0,0.0174532925199433,0.0,1262]] WGS_1984_(ITRF00)_To_NAD_1983 PROJCS['NAD_1983_StatePlane_Pennsylvania_South_FIPS_3702_Feet',GEOGCS['GCS_North_American_1983',DATUM['D_North_American_1983',SPHEROID['GRS_1980',6378137.0,298.257222101]],PRIMEM['Greenwich',0.0],UNIT['Degree',0.0174532925199433]],PROJECTION['Lambert_Conformal_Conic'],PARAMETER['False_Easting',1968500.0],PARAMETER['False_Northing',0.0],PARAMETER['Central_Meridian',-77.75],PARAMETER['Standard_Parallel_1',39.93333333333333],PARAMETER['Standard_Parallel_2',40.96666666666667],PARAMETER['Latitude_Of_Origin',39.33333333333334],UNIT['Foot_US',0.3048006096012192]]</Process></lineage><itemProps><itemName Sync="TRUE">Zoning_Registered_Community_Organizations</itemName><imsContentType Sync="TRUE">002</imsContentType><itemSize Sync="TRUE">0.000</itemSize><itemLocation><linkage Sync="TRUE">file://\\OIT-L-JC1GSY1\C$\Users\abigail.poses\Desktop\Zoning_Registered_Community_Organizations\shapefile\temp\Zoning_Registered_Community_Organizations.shp</linkage><protocol Sync="TRUE">Local Area Network</protocol></itemLocation></itemProps><coordRef><type Sync="TRUE">Projected</type><geogcsn Sync="TRUE">GCS_North_American_1983</geogcsn><csUnits Sync="TRUE">Linear Unit: Foot_US (0.304801)</csUnits><projcsn Sync="TRUE">NAD_1983_StatePlane_Pennsylvania_South_FIPS_3702_Feet</projcsn><peXml Sync="TRUE">&lt;ProjectedCoordinateSystem xsi:type='typens:ProjectedCoordinateSystem' xmlns:xsi='http://www.w3.org/2001/XMLSchema-instance' xmlns:xs='http://www.w3.org/2001/XMLSchema' xmlns:typens='http://www.esri.com/schemas/ArcGIS/10.1'&gt;&lt;WKT&gt;PROJCS[&amp;quot;NAD_1983_StatePlane_Pennsylvania_South_FIPS_3702_Feet&amp;quot;,GEOGCS[&amp;quot;GCS_North_American_1983&amp;quot;,DATUM[&amp;quot;D_North_American_1983&amp;quot;,SPHEROID[&amp;quot;GRS_1980&amp;quot;,6378137.0,298.257222101]],PRIMEM[&amp;quot;Greenwich&amp;quot;,0.0],UNIT[&amp;quot;Degree&amp;quot;,0.0174532925199433]],PROJECTION[&amp;quot;Lambert_Conformal_Conic&amp;quot;],PARAMETER[&amp;quot;False_Easting&amp;quot;,1968500.0],PARAMETER[&amp;quot;False_Northing&amp;quot;,0.0],PARAMETER[&amp;quot;Central_Meridian&amp;quot;,-77.75],PARAMETER[&amp;quot;Standard_Parallel_1&amp;quot;,39.93333333333333],PARAMETER[&amp;quot;Standard_Parallel_2&amp;quot;,40.96666666666667],PARAMETER[&amp;quot;Latitude_Of_Origin&amp;quot;,39.33333333333334],UNIT[&amp;quot;Foot_US&amp;quot;,0.3048006096012192],AUTHORITY[&amp;quot;EPSG&amp;quot;,2272]]&lt;/WKT&gt;&lt;XOrigin&gt;-119214200&lt;/XOrigin&gt;&lt;YOrigin&gt;-96198500&lt;/YOrigin&gt;&lt;XYScale&gt;37163717.489134133&lt;/XYScale&gt;&lt;ZOrigin&gt;-100000&lt;/ZOrigin&gt;&lt;ZScale&gt;10000&lt;/ZScale&gt;&lt;MOrigin&gt;-100000&lt;/MOrigin&gt;&lt;MScale&gt;10000&lt;/MScale&gt;&lt;XYTolerance&gt;0.0032808333333333331&lt;/XYTolerance&gt;&lt;ZTolerance&gt;0.001&lt;/ZTolerance&gt;&lt;MTolerance&gt;0.001&lt;/MTolerance&gt;&lt;HighPrecision&gt;true&lt;/HighPrecision&gt;&lt;WKID&gt;102729&lt;/WKID&gt;&lt;LatestWKID&gt;2272&lt;/LatestWKID&gt;&lt;/ProjectedCoordinateSystem&gt;</peXml></coordRef></DataProperties><SyncDate>20140707</SyncDate><SyncTime>10004800</SyncTime><ModDate>20140707</ModDate><ModTime>10004800</ModTime></Esri><dataIdInfo><envirDesc Sync="TRUE">Microsoft Windows 7 Version 6.1 (Build 7601) Service Pack 1; Esri ArcGIS 10.2.1.3497</envirDesc><dataLang><languageCode value="eng" Sync="TRUE"></languageCode><countryCode value="USA" Sync="TRUE"></countryCode></dataLang><idCitation><resTitle Sync="TRUE">Zoning_Registered_Community_Organizations</resTitle><presForm><PresFormCd value="005" Sync="TRUE"></PresFormCd></presForm></idCitation><spatRpType><SpatRepTypCd value="001" Sync="TRUE"></SpatRepTypCd></spatRpType></dataIdInfo><mdLang><languageCode value="eng" Sync="TRUE"></languageCode><countryCode value="USA" Sync="TRUE"></countryCode></mdLang><mdChar><CharSetCd value="004" Sync="TRUE"></CharSetCd></mdChar><distInfo><distFormat><formatName Sync="TRUE">Shapefile</formatName></distFormat><distTranOps><transSize Sync="TRUE">0.000</transSize></distTranOps></distInfo><mdHrLv><ScopeCd value="005" Sync="TRUE"></ScopeCd></mdHrLv><mdHrLvName Sync="TRUE">dataset</mdHrLvName><refSysInfo><RefSystem><refSysID><identCode code="2272" Sync="TRUE"></identCode><idCodeSpace Sync="TRUE">EPSG</idCodeSpace><idVersion Sync="TRUE">8.2.6</idVersion></refSysID></RefSystem></refSysInfo><spatRepInfo><VectSpatRep><geometObjs Name="Zoning_Registered_Community_Organizations"><geoObjTyp><GeoObjTypCd value="002" Sync="TRUE"></GeoObjTypCd></geoObjTyp><geoObjCnt Sync="TRUE">0</geoObjCnt></geometObjs><topLvl><TopoLevCd value="001" Sync="TRUE"></TopoLevCd></topLvl></VectSpatRep></spatRepInfo><spdoinfo><ptvctinf><esriterm Name="Zoning_Registered_Community_Organizations"><efeatyp Sync="TRUE">Simple</efeatyp><efeageom code="4" Sync="TRUE"></efeageom><esritopo Sync="TRUE">FALSE</esritopo><efeacnt Sync="TRUE">0</efeacnt><spindex Sync="TRUE">FALSE</spindex><linrefer Sync="TRUE">FALSE</linrefer></esriterm></ptvctinf></spdoinfo><eainfo><detailed Name="Zoning_Registered_Community_Organizations"><enttyp><enttypl Sync="TRUE">Zoning_Registered_Community_Organizations</enttypl><enttypt Sync="TRUE">Feature Class</enttypt><enttypc Sync="TRUE">0</enttypc></enttyp><attr><attrlabl Sync="TRUE">FID</attrlabl><attalias Sync="TRUE">FID</attalias><attrtype Sync="TRUE">OID</attrtype><attwidth Sync="TRUE">4</attwidth><atprecis Sync="TRUE">0</atprecis><attscale Sync="TRUE">0</attscale><attrdef Sync="TRUE">Internal feature number.</attrdef><attrdefs Sync="TRUE">Esri</attrdefs><attrdomv><udom Sync="TRUE">Sequential unique whole numbers that are automatically generated.</udom></attrdomv></attr><attr><attrlabl Sync="TRUE">Shape</attrlabl><attalias Sync="TRUE">Shape</attalias><attrtype Sync="TRUE">Geometry</attrtype><attwidth Sync="TRUE">0</attwidth><atprecis Sync="TRUE">0</atprecis><attscale Sync="TRUE">0</attscale><attrdef Sync="TRUE">Feature geometry.</attrdef><attrdefs Sync="TRUE">Esri</attrdefs><attrdomv><udom Sync="TRUE">Coordinates defining the features.</udom></attrdomv></attr><attr><attrlabl Sync="TRUE">ORG_NAME</attrlabl><attalias Sync="TRUE">ORG_NAME</attalias><attrtype Sync="TRUE">String</attrtype><attwidth Sync="TRUE">254</attwidth><atprecis Sync="TRUE">0</atprecis><attscale Sync="TRUE">0</attscale></attr><attr><attrlabl Sync="TRUE">ORGANIZATI</attrlabl><attalias Sync="TRUE">ORGANIZATI</attalias><attrtype Sync="TRUE">String</attrtype><attwidth Sync="TRUE">254</attwidth><atprecis Sync="TRUE">0</atprecis><attscale Sync="TRUE">0</attscale></attr><attr><attrlabl Sync="TRUE">ORGANIZA_1</attrlabl><attalias Sync="TRUE">ORGANIZA_1</attalias><attrtype Sync="TRUE">String</attrtype><attwidth Sync="TRUE">254</attwidth><atprecis Sync="TRUE">0</atprecis><attscale Sync="TRUE">0</attscale></attr><attr><attrlabl Sync="TRUE">MEETING_LO</attrlabl><attalias Sync="TRUE">MEETING_LO</attalias><attrtype Sync="TRUE">String</attrtype><attwidth Sync="TRUE">254</attwidth><atprecis Sync="TRUE">0</atprecis><attscale Sync="TRUE">0</attscale></attr><attr><attrlabl Sync="TRUE">ORG_TYPE</attrlabl><attalias Sync="TRUE">ORG_TYPE</attalias><attrtype Sync="TRUE">String</attrtype><attwidth Sync="TRUE">5</attwidth><atprecis Sync="TRUE">0</atprecis><attscale Sync="TRUE">0</attscale></attr><attr><attrlabl Sync="TRUE">PREFFERED_</attrlabl><attalias Sync="TRUE">PREFFERED_</attalias><attrtype Sync="TRUE">String</attrtype><attwidth Sync="TRUE">5</attwidth><atprecis Sync="TRUE">0</atprecis><attscale Sync="TRUE">0</attscale></attr><attr><attrlabl Sync="TRUE">PRIMARY_NA</attrlabl><attalias Sync="TRUE">PRIMARY_NA</attalias><attrtype Sync="TRUE">String</attrtype><attwidth Sync="TRUE">254</attwidth><atprecis Sync="TRUE">0</atprecis><attscale Sync="TRUE">0</attscale></attr><attr><attrlabl Sync="TRUE">PRIMARY_AD</attrlabl><attalias Sync="TRUE">PRIMARY_AD</attalias><attrtype Sync="TRUE">String</attrtype><attwidth Sync="TRUE">254</attwidth><atprecis Sync="TRUE">0</atprecis><attscale Sync="TRUE">0</attscale></attr><attr><attrlabl Sync="TRUE">PRIMARY_EM</attrlabl><attalias Sync="TRUE">PRIMARY_EM</attalias><attrtype Sync="TRUE">String</attrtype><attwidth Sync="TRUE">254</attwidth><atprecis Sync="TRUE">0</atprecis><attscale Sync="TRUE">0</attscale></attr><attr><attrlabl Sync="TRUE">PRIMARY_PH</attrlabl><attalias Sync="TRUE">PRIMARY_PH</attalias><attrtype Sync="TRUE">String</attrtype><attwidth Sync="TRUE">13</attwidth><atprecis Sync="TRUE">0</atprecis><attscale Sync="TRUE">0</attscale></attr><attr><attrlabl Sync="TRUE">P_PHONE_EX</attrlabl><attalias Sync="TRUE">P_PHONE_EX</attalias><attrtype Sync="TRUE">Integer</attrtype><attwidth Sync="TRUE">5</attwidth><atprecis Sync="TRUE">5</atprecis><attscale Sync="TRUE">0</attscale></attr><attr><attrlabl Sync="TRUE">ALTERNATE_</attrlabl><attalias Sync="TRUE">ALTERNATE_</attalias><attrtype Sync="TRUE">String</attrtype><attwidth Sync="TRUE">254</attwidth><atprecis Sync="TRUE">0</atprecis><attscale Sync="TRUE">0</attscale></attr><attr><attrlabl Sync="TRUE">ALTERNATE1</attrlabl><attalias Sync="TRUE">ALTERNATE1</attalias><attrtype Sync="TRUE">String</attrtype><attwidth Sync="TRUE">254</attwidth><atprecis Sync="TRUE">0</atprecis><attscale Sync="TRUE">0</attscale></attr><attr><attrlabl Sync="TRUE">ALTERNAT_1</attrlabl><attalias Sync="TRUE">ALTERNAT_1</attalias><attrtype Sync="TRUE">String</attrtype><attwidth Sync="TRUE">50</attwidth><atprecis Sync="TRUE">0</atprecis><attscale Sync="TRUE">0</attscale></attr><attr><attrlabl Sync="TRUE">ALTERNAT_2</attrlabl><attalias Sync="TRUE">ALTERNAT_2</attalias><attrtype Sync="TRUE">String</attrtype><attwidth Sync="TRUE">13</attwidth><atprecis Sync="TRUE">0</atprecis><attscale Sync="TRUE">0</attscale></attr><attr><attrlabl Sync="TRUE">A_PHONE_EX</attrlabl><attalias Sync="TRUE">A_PHONE_EX</attalias><attrtype Sync="TRUE">Integer</attrtype><attwidth Sync="TRUE">5</attwidth><atprecis Sync="TRUE">5</atprecis><attscale Sync="TRUE">0</attscale></attr><attr><attrlabl Sync="TRUE">EXPIRATION</attrlabl><attalias Sync="TRUE">EXPIRATION</attalias><attrtype Sync="TRUE">Integer</attrtype><attwidth Sync="TRUE">5</attwidth><atprecis Sync="TRUE">5</atprecis><attscale Sync="TRUE">0</attscale></attr><attr><attrlabl Sync="TRUE">EFFECTIVE_</attrlabl><attalias Sync="TRUE">EFFECTIVE_</attalias><attrtype Sync="TRUE">Date</attrtype><attwidth Sync="TRUE">8</attwidth><atprecis Sync="TRUE">0</atprecis><attscale Sync="TRUE">0</attscale></attr><attr><attrlabl Sync="TRUE">SHAPE_AREA</attrlabl><attalias Sync="TRUE">SHAPE_AREA</attalias><attrtype Sync="TRUE">Double</attrtype><attwidth Sync="TRUE">19</attwidth><atprecis Sync="TRUE">0</atprecis><attscale Sync="TRUE">0</attscale><attrdef Sync="TRUE">Area of feature in internal units squared.</attrdef><attrdefs Sync="TRUE">Esri</attrdefs><attrdomv><udom Sync="TRUE">Positive real numbers that are automatically generated.</udom></attrdomv></attr><attr><attrlabl Sync="TRUE">SHAPE_LEN</attrlabl><attalias Sync="TRUE">SHAPE_LEN</attalias><attrtype Sync="TRUE">Double</attrtype><attwidth Sync="TRUE">19</attwidth><atprecis Sync="TRUE">0</atprecis><attscale Sync="TRUE">0</attscale></attr></detailed></eainfo><mdDateSt Sync="TRUE">20140707</mdDateSt></metadata>
