<?xml version="1.0" encoding="UTF-8"?>
<metadata><idinfo><citation><citeinfo><origin>City Planning Commission (PCPC) Department - GIS Division</origin><pubdate>1/5/06</pubdate><pubtime>Unknown</pubtime><title Sync="TRUE">GIS_PLANNING.City_Limits</title><geoform Sync="TRUE">vector digital data</geoform><pubinfo><pubplace>Philadelphia , PA</pubplace><publish>City Planning Commission (PCPC) Department - GIS Division</publish></pubinfo><onlink Sync="TRUE">Service=sde:oracle10g; User=gis_planning; Version=SDE.DEFAULT</onlink><ftname Sync="TRUE">GIS_PLANNING.City_Limits</ftname></citeinfo></citation><descript><abstract>Contains Philadelphia's city limits, the shorelines of the major rivers, and the boundaries of the major parks. Also, it segregates portions of the city's limits which are not and are not physical features.</abstract><purpose>To provide a base for very generalized maps or used as an outline in conjunction with other datalayers.  Establishes City Limits for City's Standard Boundary Format. This layer was updated on July 22, 2012.</purpose><langdata Sync="TRUE">en</langdata></descript><timeperd><timeinfo><sngdate><caldate>1/5/06</caldate></sngdate></timeinfo><current>1/5/06</current></timeperd><status><progress>Complete</progress><update>As needed</update></status><spdom><bounding><westbc Sync="TRUE">-75.284167</westbc><eastbc Sync="TRUE">-74.954039</eastbc><northbc Sync="TRUE">40.143797</northbc><southbc Sync="TRUE">39.861288</southbc></bounding><lboundng><leftbc Sync="TRUE">2660574.996719</leftbc><rightbc Sync="TRUE">2750112.778871</rightbc><bottombc Sync="TRUE">204651.049869</bottombc><topbc Sync="TRUE">304942.427822</topbc></lboundng></spdom><keywords><theme><themekt>City of Philadelphia</themekt><themekey>boundaries</themekey><themekey>City Limits</themekey></theme><place><placekt>City of Philadelphia</placekt><placekey>Philadelphia</placekey></place></keywords><accconst>City of Philadelphia employees only</accconst><useconst>None</useconst><ptcontac><cntinfo><cntperp><cntper>Vic Davis</cntper><cntorg>Philadelphia City Planning Commission - GIS Division</cntorg></cntperp><cntaddr><addrtype>mailing and physical address</addrtype><address>1515 Arch Street - 13th Floor</address><city>Philadelphia</city><state>PA</state><postal>19102</postal><country>USA</country></cntaddr><cntvoice>215-683-4623</cntvoice><cntfax>215-683-4630</cntfax><cntemail>victor.davis@phila.gov</cntemail><hours>8:30 AM - 4:30 PM</hours></cntinfo></ptcontac><secinfo><secsys>No security considerations</secsys><secclass>Unclassified</secclass><sechandl>N/A</sechandl></secinfo><native Sync="TRUE">Microsoft Windows XP Version 5.1 (Build 2600) Service Pack 3; ESRI ArcCatalog 9.3.1.3500</native><natvform Sync="TRUE">SDE Feature Class</natvform></idinfo><dataqual><attracc><attraccr>None completed.</attraccr></attracc><logic>None completed.</logic><complete>Citywide</complete><lineage><procstep><procdesc>Extracted from PARCELS coverages by PCPC.  Subject to further verification.</procdesc><procdate>Unknown</procdate></procstep><procstep><procdesc Sync="TRUE">Metadata imported.</procdesc><srcused Sync="TRUE">C:\TEMP\xmlB.tmp</srcused><date Sync="TRUE">20031009</date><time Sync="TRUE">08551800</time></procstep><procstep><procdesc Sync="TRUE">Dataset copied.</procdesc><srcused Sync="TRUE">Server=mercator; Service=esri_sde; User=planning; Version=SDE.DEFAULT</srcused><date Sync="TRUE">20050310</date><time Sync="TRUE">11313500</time></procstep></lineage><cloud>0</cloud></dataqual><spdoinfo><direct Sync="TRUE">Vector</direct><ptvctinf><esriterm Name="Philadelphia_City_Limits"><efeatyp Sync="TRUE">Simple</efeatyp><efeageom code="4" Sync="TRUE"></efeageom><esritopo Sync="TRUE">FALSE</esritopo><efeacnt Sync="TRUE">0</efeacnt><spindex Sync="TRUE">FALSE</spindex><linrefer Sync="TRUE">FALSE</linrefer></esriterm></ptvctinf></spdoinfo><spref><horizsys><planar><planci><plance Sync="TRUE">coordinate pair</plance><coordrep><absres Sync="TRUE">0.003281</absres><ordres Sync="TRUE">0.003281</ordres></coordrep><plandu Sync="TRUE">survey feet</plandu></planci></planar><geodetic><horizdn Sync="TRUE">North American Datum of 1983</horizdn><ellips Sync="TRUE">Geodetic Reference System 80</ellips><semiaxis Sync="TRUE">6378137.000000</semiaxis><denflat Sync="TRUE">298.257222</denflat></geodetic><cordsysn><geogcsn Sync="TRUE">GCS_North_American_1983</geogcsn><projcsn Sync="TRUE">NAD_1983_StatePlane_Pennsylvania_South_FIPS_3702_Feet</projcsn></cordsysn></horizsys><vertdef><altsys><altenc Sync="TRUE">Explicit elevation coordinate included with horizontal coordinates</altenc><altres Sync="TRUE">1.000000</altres></altsys></vertdef></spref><eainfo><detailed Name="Philadelphia_City_Limits"><enttyp><enttypl Sync="TRUE">Philadelphia_City_Limits</enttypl><enttypd>Unknown</enttypd><enttypds>City Planning Commission (PCPC) Department - GIS Division</enttypds><enttypt Sync="TRUE">Feature Class</enttypt><enttypc Sync="TRUE">0</enttypc></enttyp><attr><attrlabl Sync="TRUE">FID</attrlabl><attalias Sync="TRUE">FID</attalias><attrtype Sync="TRUE">OID</attrtype><attwidth Sync="TRUE">4</attwidth><atprecis Sync="TRUE">0</atprecis><attscale Sync="TRUE">0</attscale><attrdef Sync="TRUE">Internal feature number.</attrdef><attrdefs Sync="TRUE">Esri</attrdefs><attrdomv><udom Sync="TRUE">Sequential unique whole numbers that are automatically generated.</udom></attrdomv></attr><attr><attrlabl Sync="TRUE">SHAPE</attrlabl><attalias Sync="TRUE">Shape</attalias><attrtype Sync="TRUE">Geometry</attrtype><attwidth Sync="TRUE">0</attwidth><atprecis Sync="TRUE">0</atprecis><attscale Sync="TRUE">0</attscale><attrdef Sync="TRUE">Feature geometry.</attrdef><attrdefs Sync="TRUE">ESRI</attrdefs><attrdomv><udom Sync="TRUE">Coordinates defining the features.</udom></attrdomv></attr><attr><attrlabl Sync="TRUE">SHAPE_AREA</attrlabl><attalias Sync="TRUE">SHAPE_AREA</attalias><attrtype Sync="TRUE">Double</attrtype><attwidth Sync="TRUE">19</attwidth><atprecis Sync="TRUE">0</atprecis><attscale Sync="TRUE">0</attscale><attrdef Sync="TRUE">Area of feature in internal units squared.</attrdef><attrdefs Sync="TRUE">Esri</attrdefs><attrdomv><udom Sync="TRUE">Positive real numbers that are automatically generated.</udom></attrdomv></attr><attr><attrlabl Sync="TRUE">SHAPE_LEN</attrlabl><attalias Sync="TRUE">SHAPE_LEN</attalias><attrtype Sync="TRUE">Double</attrtype><attwidth Sync="TRUE">19</attwidth><atprecis Sync="TRUE">0</atprecis><attscale Sync="TRUE">0</attscale></attr></detailed><overview><eaover>MANDATORY - overview of the contents of the table</eaover></overview></eainfo><distinfo><distrib><cntinfo><cntorgp><cntorg>City of Philadelphia - Non-Commercial Data Distribution Committee</cntorg></cntorgp></cntinfo></distrib><distliab>This dataset contains errors that are an artifact of the interpretation, source material and conversion process. The data and documentation are provided "as is." The City of Philadelphia (CITY) makes no warranty or representation, either express or implied, with respect to the data or accompanying documentation, including its quality, performance or accuracy. The CITY will not be liable for any direct, indirect, special, incidental, or consequential damages arising out of the use or inability to use the data or any accompanying documentation. The CITY is working to correct errors found in its datasets. Users discovering errors or making corrections to the data are requested to report such errors to the CITY at 215-686-5031 or e-mail to marion.storey@phila.gov</distliab><stdorder><digform><digtinfo><formname>ESRI Shapefile/ArcInfo Export File</formname><formvern>2D</formvern><filedec>PKzipped using WinZip by Nico Mak computing.</filedec></digtinfo><digtopt><onlinopt><accinstr>Will e-mail or FTP to a City agency upon request.</accinstr><oncomp>Windows OS</oncomp></onlinopt></digtopt></digform><fees>none</fees><ordering>Please contact the Paul Reisner at 215-686-5071 for access to this data set.</ordering></stdorder><availabl><timeinfo><sngdate><caldate>unknown</caldate></sngdate></timeinfo></availabl><resdesc Sync="TRUE">Downloadable Data</resdesc></distinfo><distinfo><distrib><cntinfo><cntorgp><cntorg>City of Philadelphia - GIS Working Group</cntorg></cntorgp></cntinfo></distrib><distliab>This dataset contains errors that are an artifact of the interpretation, source material and conversion process. The data and documentation are provided "as is." The City of Philadelphia (CITY) makes no warranty or representation, either express or implied, with respect to the data or accompanying documentation, including its quality, performance or accuracy. The CITY will not be liable for any direct, indirect, special, incidental, or consequential damages arising out of the use or inability to use the data or any accompanying documentation. The CITY is working to correct errors found in its datasets. Users discovering errors or making corrections to the data are requested to report such errors to the CITY at 215-686-XXXX</distliab><stdorder><fees>N/A</fees><ordering>N/A</ordering><turnarnd>N/A</turnarnd></stdorder><stdorder><nondig>N/A</nondig><fees>N/A</fees><ordering>N/A</ordering><turnarnd>N/A</turnarnd></stdorder><custom>THE CITY OF PHILADELPHIA DOES NOT CURRENTLY HAVE A COMMERCIAL DISTRIBUTION POLICY.</custom><availabl><timeinfo><sngdate><caldate>Unknown</caldate><time>Unknown</time></sngdate></timeinfo></availabl><resdesc Sync="TRUE">Downloadable Data</resdesc></distinfo><metainfo><metd Sync="TRUE">20110908</metd><metc><cntinfo><cntperp><cntper>Pauline Bogush</cntper><cntorg>Philadelphia City Planning Commission - GIS Division</cntorg></cntperp><cntpos>GIS Specialist</cntpos><cntaddr><addrtype>mailing and physical address</addrtype><address>1515 Arch Street - 13th Floor</address><city>Philadelphia</city><state>PA</state><postal>19102</postal><country>USA</country></cntaddr><cntvoice>215-683-4662</cntvoice><cntfax>215-683-4630</cntfax><cntemail>pauline.bogush@phila.gov</cntemail><hours>8:00 AM - 4:30 PM</hours></cntinfo></metc><metstdn Sync="TRUE">FGDC Content Standards for Digital Geospatial Metadata</metstdn><metstdv Sync="TRUE">FGDC-STD-001-1998</metstdv><mettc Sync="TRUE">local time</mettc><metac>City of Philadelphia employees</metac><metuc>City of Philadelphia use only.</metuc><metsi><metscs>No security considerations</metscs><metsc>Unclassified</metsc><metshd>N/A</metshd></metsi><langmeta Sync="TRUE">en</langmeta></metainfo><Esri><CreaDate>20140707</CreaDate><CreaTime>09333500</CreaTime><SyncOnce>FALSE</SyncOnce><SyncDate>20140707</SyncDate><SyncTime>09333300</SyncTime><ModDate>20140707</ModDate><ModTime>09333300</ModTime><PublishStatus>Published</PublishStatus><ArcGISProfile>ItemDescription</ArcGISProfile><ArcGISFormat xmlns:esri="http://www.esri.com/metadata/">1.0</ArcGISFormat><DataProperties><itemProps><itemName Sync="TRUE">Philadelphia_City_Limits</itemName><imsContentType Sync="TRUE">002</imsContentType><itemSize Sync="TRUE">0.000</itemSize><itemLocation><linkage Sync="TRUE">file://\\OIT-L-JC1GSY1\C$\Users\abigail.poses\Desktop\Philadelphia_City_Limits\shapefile\temp\Philadelphia_City_Limits.shp</linkage><protocol Sync="TRUE">Local Area Network</protocol></itemLocation></itemProps><coordRef><type Sync="TRUE">Projected</type><geogcsn Sync="TRUE">GCS_North_American_1983</geogcsn><csUnits Sync="TRUE">Linear Unit: Foot_US (0.304801)</csUnits><projcsn Sync="TRUE">NAD_1983_StatePlane_Pennsylvania_South_FIPS_3702_Feet</projcsn><peXml Sync="TRUE">&lt;ProjectedCoordinateSystem xsi:type='typens:ProjectedCoordinateSystem' xmlns:xsi='http://www.w3.org/2001/XMLSchema-instance' xmlns:xs='http://www.w3.org/2001/XMLSchema' xmlns:typens='http://www.esri.com/schemas/ArcGIS/10.1'&gt;&lt;WKT&gt;PROJCS[&amp;quot;NAD_1983_StatePlane_Pennsylvania_South_FIPS_3702_Feet&amp;quot;,GEOGCS[&amp;quot;GCS_North_American_1983&amp;quot;,DATUM[&amp;quot;D_North_American_1983&amp;quot;,SPHEROID[&amp;quot;GRS_1980&amp;quot;,6378137.0,298.257222101]],PRIMEM[&amp;quot;Greenwich&amp;quot;,0.0],UNIT[&amp;quot;Degree&amp;quot;,0.0174532925199433]],PROJECTION[&amp;quot;Lambert_Conformal_Conic&amp;quot;],PARAMETER[&amp;quot;False_Easting&amp;quot;,1968500.0],PARAMETER[&amp;quot;False_Northing&amp;quot;,0.0],PARAMETER[&amp;quot;Central_Meridian&amp;quot;,-77.75],PARAMETER[&amp;quot;Standard_Parallel_1&amp;quot;,39.93333333333333],PARAMETER[&amp;quot;Standard_Parallel_2&amp;quot;,40.96666666666667],PARAMETER[&amp;quot;Latitude_Of_Origin&amp;quot;,39.33333333333334],UNIT[&amp;quot;Foot_US&amp;quot;,0.3048006096012192],AUTHORITY[&amp;quot;EPSG&amp;quot;,2272]]&lt;/WKT&gt;&lt;XOrigin&gt;-119214200&lt;/XOrigin&gt;&lt;YOrigin&gt;-96198500&lt;/YOrigin&gt;&lt;XYScale&gt;37163717.489134133&lt;/XYScale&gt;&lt;ZOrigin&gt;-100000&lt;/ZOrigin&gt;&lt;ZScale&gt;10000&lt;/ZScale&gt;&lt;MOrigin&gt;-100000&lt;/MOrigin&gt;&lt;MScale&gt;10000&lt;/MScale&gt;&lt;XYTolerance&gt;0.0032808333333333331&lt;/XYTolerance&gt;&lt;ZTolerance&gt;0.001&lt;/ZTolerance&gt;&lt;MTolerance&gt;0.001&lt;/MTolerance&gt;&lt;HighPrecision&gt;true&lt;/HighPrecision&gt;&lt;WKID&gt;102729&lt;/WKID&gt;&lt;LatestWKID&gt;2272&lt;/LatestWKID&gt;&lt;/ProjectedCoordinateSystem&gt;</peXml></coordRef><lineage><Process ToolSource="c:\program files\arcgis\desktop10.2\ArcToolbox\Toolboxes\Data Management Tools.tbx\CopyFeatures" Date="20140707" Time="093333">CopyFeatures temp_layer C:\Users\abigail.poses\Desktop\Philadelphia_City_Limits\shapefile\temp\Philadelphia_City_Limits.shp # 0 0 0</Process><Process ToolSource="c:\program files\arcgis\desktop10.2\ArcToolbox\Toolboxes\Data Management Tools.tbx\Project" Date="20140707" Time="093335">Project C:\Users\abigail.poses\Desktop\Philadelphia_City_Limits\shapefile\temp\Philadelphia_City_Limits.shp C:\Users\abigail.poses\Desktop\Philadelphia_City_Limits\shapefile\Philadelphia_City_Limits.shp GEOGCS['GCS_WGS_1984',DATUM['D_WGS_1984',SPHEROID['WGS_1984',6378137.0,298.257223563]],PRIMEM['Greenwich',0.0],UNIT['Degree',0.0174532925199433],METADATA['World',-180.0,-90.0,180.0,90.0,0.0,0.0174532925199433,0.0,1262]] WGS_1984_(ITRF00)_To_NAD_1983 PROJCS['NAD_1983_StatePlane_Pennsylvania_South_FIPS_3702_Feet',GEOGCS['GCS_North_American_1983',DATUM['D_North_American_1983',SPHEROID['GRS_1980',6378137.0,298.257222101]],PRIMEM['Greenwich',0.0],UNIT['Degree',0.0174532925199433]],PROJECTION['Lambert_Conformal_Conic'],PARAMETER['False_Easting',1968500.0],PARAMETER['False_Northing',0.0],PARAMETER['Central_Meridian',-77.75],PARAMETER['Standard_Parallel_1',39.93333333333333],PARAMETER['Standard_Parallel_2',40.96666666666667],PARAMETER['Latitude_Of_Origin',39.33333333333334],UNIT['Foot_US',0.3048006096012192]]</Process></lineage></DataProperties></Esri><dataIdInfo><envirDesc Sync="TRUE">Microsoft Windows 7 Version 6.1 (Build 7601) Service Pack 1; Esri ArcGIS 10.2.1.3497</envirDesc><dataLang><languageCode Sync="TRUE" value="eng"/><countryCode value="USA" Sync="TRUE"></countryCode></dataLang><idCitation><resTitle Sync="TRUE">Philadelphia_City_Limits</resTitle><presForm><PresFormCd Sync="TRUE" value="005"/></presForm></idCitation><spatRpType><SpatRepTypCd Sync="TRUE" value="001"/></spatRpType><dataExt><geoEle><GeoBndBox esriExtentType="native"><westBL Sync="TRUE">2660574.996719</westBL><eastBL Sync="TRUE">2750112.778871</eastBL><northBL Sync="TRUE">304942.427822</northBL><southBL Sync="TRUE">204651.049869</southBL><exTypeCode Sync="TRUE">1</exTypeCode></GeoBndBox></geoEle></dataExt><geoBox esriExtentType="decdegrees"><westBL Sync="TRUE">-75.284167</westBL><eastBL Sync="TRUE">-74.954039</eastBL><northBL Sync="TRUE">40.143797</northBL><southBL Sync="TRUE">39.861288</southBL><exTypeCode Sync="TRUE">1</exTypeCode></geoBox><dataExt xmlns:esri="http://www.esri.com/metadata/"><geoEle><GeoBndBox esriExtentType="search"><westBL Sync="TRUE">-75.284167</westBL><eastBL Sync="TRUE">-74.954039</eastBL><northBL Sync="TRUE">40.143797</northBL><southBL Sync="TRUE">39.861288</southBL><exTypeCode Sync="TRUE">1</exTypeCode></GeoBndBox></geoEle></dataExt><idPurp>To provide a base for very generalized maps or used as an outline in conjunction with other datalayers.  Establishes City Limits for City's Standard Boundary Format. This layer was updated on July 22, 2012.</idPurp><idAbs>&lt;DIV STYLE="text-align:Left;"&gt;&lt;DIV&gt;&lt;DIV&gt;&lt;P&gt;&lt;SPAN&gt;Contains Philadelphia's city limits, the shorelines of the major rivers, and the boundaries of the major parks. Also, it segregates portions of the city's limits which are not and are not physical features.&lt;/SPAN&gt;&lt;/P&gt;&lt;/DIV&gt;&lt;/DIV&gt;&lt;/DIV&gt;</idAbs><idCredit>                                                                                                                                                                      Boundary Determination Committee (Marion Story, chair) 1998;    Philadelphia City Planning Commission GIS Division (maintenance) </idCredit><searchKeys><keyword>boundaries</keyword><keyword>City Limits</keyword></searchKeys><resConst><Consts><useLimit>&lt;DIV STYLE="text-align:Left;"&gt;&lt;DIV&gt;&lt;DIV&gt;&lt;P STYLE="margin:0 0 0 0;"&gt;&lt;SPAN&gt;The City of Philadelphia reserves all rights in the GIS database and any data contained therein, and the end user’s use of the data does not constitute a transfer of, nor does the end user receive, any title or interest in the database or any other City data. The City of Philadelphia makes no representation about the accuracy of any specific information in this GIS data and is provided “as is” and without Warranty of any kind.  The user of this data will assume complete responsibility for any and all occurrences resulting from its use or display and will hold the City of Philadelphia harmless from any and all claims, demands, liabilities, obligations, damages, suits, judgments or settlements, including reasonable costs and attorneys' fees, that arise from use of this data.&lt;/SPAN&gt;&lt;/P&gt;&lt;P&gt;&lt;SPAN /&gt;&lt;/P&gt;&lt;/DIV&gt;&lt;/DIV&gt;&lt;/DIV&gt;</useLimit></Consts></resConst></dataIdInfo><mdLang><languageCode Sync="TRUE" value="eng"/><countryCode value="USA" Sync="TRUE"></countryCode></mdLang><mdStanName Sync="TRUE">ISO 19115 Geographic Information - Metadata</mdStanName><mdStanVer Sync="TRUE">DIS_ESRI1.0</mdStanVer><mdChar><CharSetCd Sync="TRUE" value="004"/></mdChar><mdHrLv><ScopeCd Sync="TRUE" value="005"/></mdHrLv><mdHrLvName Sync="TRUE">dataset</mdHrLvName><distInfo><distributor><distorTran><onLineSrc><orDesc Sync="TRUE">002</orDesc><linkage Sync="TRUE">file://Service=sde:oracle10g; User=gis_planning; Version=SDE.DEFAULT</linkage><protocol Sync="TRUE">Local Area Network</protocol></onLineSrc></distorTran><distorFormat><formatName Sync="TRUE">SDE Feature Class</formatName></distorFormat></distributor><distFormat><formatName Sync="TRUE">Shapefile</formatName></distFormat><distTranOps><transSize Sync="TRUE">0.000</transSize></distTranOps></distInfo><refSysInfo><RefSystem><refSysID><identCode Sync="TRUE" code="2272">NAD_1983_StatePlane_Pennsylvania_South_FIPS_3702_Feet</identCode><idCodeSpace Sync="TRUE">EPSG</idCodeSpace><idVersion Sync="TRUE">8.2.6</idVersion></refSysID></RefSystem></refSysInfo><spatRepInfo><VectSpatRep><geometObjs Name="Philadelphia_City_Limits"><geoObjTyp><GeoObjTypCd value="002" Sync="TRUE"></GeoObjTypCd></geoObjTyp><geoObjCnt Sync="TRUE">0</geoObjCnt></geometObjs><topLvl><TopoLevCd value="001" Sync="TRUE"></TopoLevCd></topLvl></VectSpatRep></spatRepInfo><mdDateSt Sync="TRUE">20140707</mdDateSt><mdFileID Sync="TRUE">{59D4EA89-419C-4443-8E23-EE39B1DAA942}</mdFileID></metadata>
