<?xml version="1.0" encoding="UTF-8"?>
<metadata xml:lang="en"><dataIdInfo><envirDesc>Microsoft Windows 7 Version 6.1 (Build 7601) Service Pack 1; Esri ArcGIS 10.1.1.3143</envirDesc><dataLang><languageCode value="eng"/><countryCode value="USA"/></dataLang><idCitation><resTitle>School Facilities in Philadelphia (Updated in July 2013)</resTitle><presForm><PresFormCd value="005"/></presForm></idCitation><spatRpType><SpatRepTypCd value="001"/></spatRpType><dataExt><geoEle><GeoBndBox esriExtentType="search"><exTypeCode>1</exTypeCode><westBL>-75.277143</westBL><eastBL>-74.969325</eastBL><northBL>40.135423</northBL><southBL>39.889986</southBL></GeoBndBox></geoEle></dataExt><idPurp>The point locations of public (School District of Philadelphia), charter, private and archdiocesan schools in the City of Philadelphia.

Features updated: 07/19/2013
Attributes updated: 07/19/2013
Metadata updated: 07/19/2013
Update Frequency: Annually</idPurp><idCredit>Data prepared by Veronica Xin Ge, PCPC GIS Intern, under the instruction of the GIS Manager Darshna Patel and Senior GIS Specialist Pauline Loughlin.

For questions please contact 
Pauline Loughlin,
Philadelphia City Planning Commission GIS Division,
Pauline.Loughlin@phila.gov,
215-683-4662.</idCredit><searchKeys><keyword>school</keyword><keyword>Philadelphia</keyword><keyword>planning</keyword><keyword>PCPC</keyword><keyword>public</keyword><keyword>charter</keyword><keyword>private</keyword><keyword>archdiocese</keyword></searchKeys><resConst><Consts><useLimit>&lt;DIV STYLE="text-align:Left;"&gt;&lt;DIV&gt;&lt;DIV&gt;&lt;P&gt;&lt;SPAN&gt;The City of Philadelphia makes no representation about the accuracy of any specific information in this GIS data and is provided “as is” and without Warranty of any kind. The user of this data will assume complete responsibility for any and all occurrences resulting from its use or display and will hold the City of Philadelphia harmless from any and all claims, demands, liabilities, obligations, damages, suits, judgments or settlements, including reasonable costs and attorneys' fees, that arise from use of this data.&lt;/SPAN&gt;&lt;/P&gt;&lt;/DIV&gt;&lt;/DIV&gt;&lt;/DIV&gt;</useLimit></Consts></resConst><idAbs>&lt;DIV STYLE="text-align:Left;"&gt;&lt;DIV&gt;&lt;DIV&gt;&lt;P&gt;&lt;SPAN&gt;&lt;SPAN&gt;The location of schools in the City of Philadelphia with attribute information for address, grade level, type, and status indicating whether the school is open, proposed for closure or closed. &lt;/SPAN&gt;&lt;/SPAN&gt;&lt;/P&gt;&lt;P /&gt;&lt;P&gt;&lt;SPAN&gt;&lt;SPAN&gt;The institution types are displayed by default using the following subtypes: district (public schools), charter, private (including archdiocesan), closed. &lt;/SPAN&gt;&lt;/SPAN&gt;&lt;/P&gt;&lt;P /&gt;&lt;P&gt;&lt;SPAN STYLE="font-weight:bold;"&gt;Data Development:&lt;/SPAN&gt;&lt;/P&gt;&lt;UL STYLE="margin:0 0 0 0;padding:0 0 0 0;"&gt;&lt;LI&gt;&lt;P&gt;&lt;SPAN&gt;&lt;SPAN&gt;Point locations were identified by PCPC by geocoding the street addresses of the schools. &lt;/SPAN&gt;&lt;/SPAN&gt;&lt;/P&gt;&lt;/LI&gt;&lt;LI&gt;&lt;P&gt;&lt;SPAN&gt;&lt;SPAN&gt;Information was collected from the School District of Philadelphia, the Archdiocese of Philadelphia, Pennsylvania Department of Education, and the private schools. &lt;/SPAN&gt;&lt;/SPAN&gt;&lt;/P&gt;&lt;/LI&gt;&lt;LI&gt;&lt;P&gt;&lt;SPAN&gt;Significant change from the last version: A large number public schools, private schools and archdiocesan schools closed or merged with other schools between 2011 and 2013. Also, several public schools were changed into charter schools during that period.&lt;/SPAN&gt;&lt;/P&gt;&lt;/LI&gt;&lt;/UL&gt;&lt;P /&gt;&lt;P&gt;&lt;SPAN STYLE="font-weight:bold;"&gt;Key attribute field names and descriptions&lt;/SPAN&gt;&lt;/P&gt;&lt;UL&gt;&lt;LI&gt;&lt;P&gt;&lt;SPAN&gt;AUN: the unique identifier for charter, private and archdiocesan schools. All the public schools have a same AUN number. (Source: State Department of Education)&lt;/SPAN&gt;&lt;/P&gt;&lt;/LI&gt;&lt;LI&gt;&lt;P&gt;&lt;SPAN&gt;SCHOOL_NUM (alias School Number): the unique identifier for public schools and charter schools (Source: State Department of Education) &lt;/SPAN&gt;&lt;/P&gt;&lt;/LI&gt;&lt;LI&gt;&lt;P&gt;&lt;SPAN&gt;LOCATION_ID (alias Location ID): the unique identifier for public and charter schools. Private schools do not have location IDs because their school sites are not managed by the School District (Source: School District of Philadelphia)&lt;/SPAN&gt;&lt;/P&gt;&lt;/LI&gt;&lt;LI&gt;&lt;P&gt;&lt;SPAN&gt;&lt;SPAN&gt;FACIL_NAME (alias Facility Name): the full name of the school&lt;/SPAN&gt;&lt;/SPAN&gt;&lt;/P&gt;&lt;/LI&gt;&lt;LI&gt;&lt;P&gt;&lt;SPAN&gt;&lt;SPAN&gt;FACILNAME_LABEL (alias Facility Name Label): the abbreviated name of the school for labeling purpose&lt;/SPAN&gt;&lt;/SPAN&gt;&lt;/P&gt;&lt;/LI&gt;&lt;LI&gt;&lt;P&gt;&lt;SPAN&gt;ACTIVE (alias Status): the current designation as open (O), closed (C), relocating (R) or closing with expected closure date&lt;/SPAN&gt;&lt;/P&gt;&lt;/LI&gt;&lt;LI&gt;&lt;P&gt;&lt;SPAN&gt;&lt;SPAN&gt;GRADE_LEVEL (alias Grade Level): generalized description of grade levels such as preschool, kindergarten, elementary, middle or high school&lt;/SPAN&gt;&lt;/SPAN&gt;&lt;/P&gt;&lt;/LI&gt;&lt;LI&gt;&lt;P&gt;&lt;SPAN&gt;GRADE_ORG (alias Grades): Grade Organization Levels – estimate of grade levels range at the school, e.g., K-5&lt;/SPAN&gt;&lt;/P&gt;&lt;/LI&gt;&lt;LI&gt;&lt;P&gt;&lt;SPAN&gt;ENROLLMENT: estimate of enrollment at the school. Please use with caution since this number is constantly changing&lt;/SPAN&gt;&lt;/P&gt;&lt;/LI&gt;&lt;LI&gt;&lt;P&gt;&lt;SPAN&gt;&lt;SPAN&gt;TYPE: Institution Type – public, charter, private (including archdiocesan), or closed [Note: the subtypes are based on this field]&lt;/SPAN&gt;&lt;/SPAN&gt;&lt;/P&gt;&lt;/LI&gt;&lt;LI&gt;&lt;P&gt;&lt;SPAN&gt;TYPE_SPECIFIC: Institution Type in Greater Details – public, charter, private or archdiocesan&lt;/SPAN&gt;&lt;/P&gt;&lt;/LI&gt;&lt;/UL&gt;&lt;P&gt;&lt;SPAN STYLE="font-weight:bold;"&gt;Coordinate system&lt;/SPAN&gt;&lt;/P&gt;&lt;UL STYLE="margin:0 0 0 0;padding:0 0 0 0;"&gt;&lt;LI&gt;&lt;P&gt;&lt;SPAN&gt;&lt;SPAN&gt;Lambert Conformal Conic, NAD 83, &lt;/SPAN&gt;&lt;/SPAN&gt;&lt;SPAN&gt;&lt;SPAN&gt;PA South Stateplane coordinates, US Foot.&lt;/SPAN&gt;&lt;/SPAN&gt;&lt;/P&gt;&lt;/LI&gt;&lt;/UL&gt;&lt;P /&gt;&lt;P&gt;&lt;SPAN STYLE="font-weight:bold;"&gt;Thematic mapping &lt;/SPAN&gt;&lt;/P&gt;&lt;UL STYLE="margin:0 0 0 0;padding:0 0 0 0;"&gt;&lt;LI&gt;&lt;P&gt;&lt;SPAN&gt;&lt;SPAN&gt;Use the TYPE field for thematic mapping; Use the FACILNAME_LABEL field for labeling.&lt;/SPAN&gt;&lt;/SPAN&gt;&lt;/P&gt;&lt;/LI&gt;&lt;/UL&gt;&lt;P&gt;&lt;SPAN /&gt;&lt;/P&gt;&lt;/DIV&gt;&lt;/DIV&gt;&lt;/DIV&gt;</idAbs></dataIdInfo><mdLang><languageCode value="eng"/><countryCode value="USA"/></mdLang><distInfo><distFormat><formatName>SDE Feature Class</formatName></distFormat><distTranOps><transSize Sync="TRUE">0.000</transSize></distTranOps></distInfo><mdHrLv><ScopeCd value="005"/></mdHrLv><mdHrLvName>dataset</mdHrLvName><refSysInfo><RefSystem><refSysID><identCode code="2272" value="2272"/><idCodeSpace>EPSG</idCodeSpace><idVersion>7.11.2</idVersion></refSysID></RefSystem></refSysInfo><spatRepInfo><VectSpatRep><geometObjs Name="School_Facilities"><geoObjTyp><GeoObjTypCd value="004" Sync="TRUE"></GeoObjTypCd></geoObjTyp><geoObjCnt Sync="TRUE">0</geoObjCnt></geometObjs><topLvl><TopoLevCd value="001" Sync="TRUE"></TopoLevCd></topLvl></VectSpatRep></spatRepInfo><spdoinfo><ptvctinf><esriterm Name="School_Facilities"><efeatyp Sync="TRUE">Simple</efeatyp><efeageom code="1" Sync="TRUE"></efeageom><esritopo Sync="TRUE">FALSE</esritopo><efeacnt Sync="TRUE">0</efeacnt><spindex Sync="TRUE">FALSE</spindex><linrefer Sync="TRUE">FALSE</linrefer></esriterm></ptvctinf></spdoinfo><eainfo><detailed Name="School_Facilities"><enttyp><enttypl>GIS_PLANNING.Schools</enttypl><enttypt Sync="TRUE">Feature Class</enttypt><enttypc Sync="TRUE">0</enttypc></enttyp><attr><attrlabl Sync="TRUE">FID</attrlabl><attalias Sync="TRUE">FID</attalias><attrtype Sync="TRUE">OID</attrtype><attwidth Sync="TRUE">4</attwidth><atprecis Sync="TRUE">0</atprecis><attscale Sync="TRUE">0</attscale><attrdef Sync="TRUE">Internal feature number.</attrdef><attrdefs Sync="TRUE">Esri</attrdefs><attrdomv><udom Sync="TRUE">Sequential unique whole numbers that are automatically generated.</udom></attrdomv></attr><attr><attrlabl>Shape</attrlabl><attrdef>Feature geometry.</attrdef><attrdefs>ESRI</attrdefs><attrdomv><udom>Coordinates defining the features.</udom></attrdomv><attalias Sync="TRUE">Shape</attalias><attrtype Sync="TRUE">Geometry</attrtype><attwidth Sync="TRUE">0</attwidth><atprecis Sync="TRUE">0</atprecis><attscale Sync="TRUE">0</attscale></attr><attr><attrlabl>FACIL_NAME</attrlabl><attalias Sync="TRUE">FACIL_NAME</attalias><attrtype Sync="TRUE">String</attrtype><attwidth Sync="TRUE">64</attwidth><atprecis Sync="TRUE">0</atprecis><attscale Sync="TRUE">0</attscale></attr><attr><attrlabl>GRADE_ORG</attrlabl><attalias Sync="TRUE">GRADE_ORG</attalias><attrtype Sync="TRUE">String</attrtype><attwidth Sync="TRUE">8</attwidth><atprecis Sync="TRUE">0</atprecis><attscale Sync="TRUE">0</attscale></attr><attr><attrlabl Sync="TRUE">LOCATION_I</attrlabl><attalias Sync="TRUE">LOCATION_I</attalias><attrtype Sync="TRUE">String</attrtype><attwidth Sync="TRUE">50</attwidth><atprecis Sync="TRUE">0</atprecis><attscale Sync="TRUE">0</attscale></attr><attr><attrlabl>ZIPCODE</attrlabl><attalias Sync="TRUE">ZIPCODE</attalias><attrtype Sync="TRUE">String</attrtype><attwidth Sync="TRUE">16</attwidth><atprecis Sync="TRUE">0</atprecis><attscale Sync="TRUE">0</attscale></attr><attr><attrlabl Sync="TRUE">FACILNAME_</attrlabl><attalias Sync="TRUE">FACILNAME_</attalias><attrtype Sync="TRUE">String</attrtype><attwidth Sync="TRUE">50</attwidth><atprecis Sync="TRUE">0</atprecis><attscale Sync="TRUE">0</attscale></attr><attr><attrlabl Sync="TRUE">FACIL_ADDR</attrlabl><attalias Sync="TRUE">FACIL_ADDR</attalias><attrtype Sync="TRUE">String</attrtype><attwidth Sync="TRUE">56</attwidth><atprecis Sync="TRUE">0</atprecis><attscale Sync="TRUE">0</attscale></attr><attr><attrlabl>ENROLLMENT</attrlabl><attalias Sync="TRUE">ENROLLMENT</attalias><attrtype Sync="TRUE">Integer</attrtype><attwidth Sync="TRUE">5</attwidth><atprecis Sync="TRUE">5</atprecis><attscale Sync="TRUE">0</attscale></attr><attr><attrlabl Sync="TRUE">FACIL_TELE</attrlabl><attalias Sync="TRUE">FACIL_TELE</attalias><attrtype Sync="TRUE">String</attrtype><attwidth Sync="TRUE">16</attwidth><atprecis Sync="TRUE">0</atprecis><attscale Sync="TRUE">0</attscale></attr><attr><attrlabl>ACTIVE</attrlabl><attalias Sync="TRUE">ACTIVE</attalias><attrtype Sync="TRUE">String</attrtype><attwidth Sync="TRUE">1</attwidth><atprecis Sync="TRUE">0</atprecis><attscale Sync="TRUE">0</attscale></attr><attr><attrlabl Sync="TRUE">GRADE_LEVE</attrlabl><attalias Sync="TRUE">GRADE_LEVE</attalias><attrtype Sync="TRUE">String</attrtype><attwidth Sync="TRUE">24</attwidth><atprecis Sync="TRUE">0</atprecis><attscale Sync="TRUE">0</attscale></attr><attr><attrlabl>AUN</attrlabl><attalias Sync="TRUE">AUN</attalias><attrtype Sync="TRUE">Double</attrtype><attwidth Sync="TRUE">19</attwidth><atprecis Sync="TRUE">18</atprecis><attscale Sync="TRUE">8</attscale></attr><attr><attrlabl>TYPE</attrlabl><attalias Sync="TRUE">TYPE</attalias><attrtype Sync="TRUE">Double</attrtype><attwidth Sync="TRUE">10</attwidth><atprecis Sync="TRUE">10</atprecis><attscale Sync="TRUE">0</attscale></attr><attr><attrlabl>SCHOOL_NUM</attrlabl><attalias Sync="TRUE">SCHOOL_NUM</attalias><attrtype Sync="TRUE">Double</attrtype><attwidth Sync="TRUE">10</attwidth><atprecis Sync="TRUE">10</atprecis><attscale Sync="TRUE">0</attscale></attr><attr><attrlabl Sync="TRUE">TYPE_SPECI</attrlabl><attalias Sync="TRUE">TYPE_SPECI</attalias><attrtype Sync="TRUE">String</attrtype><attwidth Sync="TRUE">50</attwidth><atprecis Sync="TRUE">0</atprecis><attscale Sync="TRUE">0</attscale></attr></detailed></eainfo><mdDateSt>20130827</mdDateSt><Esri><DataProperties><itemProps><itemName Sync="TRUE">School_Facilities</itemName><imsContentType Sync="TRUE">002</imsContentType><itemSize Sync="TRUE">0.000</itemSize><itemLocation><linkage Sync="TRUE">file://\\OIT-L-JC1GSY1\C$\Users\abigail.poses\Desktop\School_Facilities\shapefile\temp\School_Facilities.shp</linkage><protocol Sync="TRUE">Local Area Network</protocol></itemLocation></itemProps><coordRef><type Sync="TRUE">Projected</type><geogcsn Sync="TRUE">GCS_North_American_1983</geogcsn><csUnits Sync="TRUE">Linear Unit: Foot_US (0.304801)</csUnits><projcsn Sync="TRUE">NAD_1983_StatePlane_Pennsylvania_South_FIPS_3702_Feet</projcsn><peXml Sync="TRUE">&lt;ProjectedCoordinateSystem xsi:type='typens:ProjectedCoordinateSystem' xmlns:xsi='http://www.w3.org/2001/XMLSchema-instance' xmlns:xs='http://www.w3.org/2001/XMLSchema' xmlns:typens='http://www.esri.com/schemas/ArcGIS/10.1'&gt;&lt;WKT&gt;PROJCS[&amp;quot;NAD_1983_StatePlane_Pennsylvania_South_FIPS_3702_Feet&amp;quot;,GEOGCS[&amp;quot;GCS_North_American_1983&amp;quot;,DATUM[&amp;quot;D_North_American_1983&amp;quot;,SPHEROID[&amp;quot;GRS_1980&amp;quot;,6378137.0,298.257222101]],PRIMEM[&amp;quot;Greenwich&amp;quot;,0.0],UNIT[&amp;quot;Degree&amp;quot;,0.0174532925199433]],PROJECTION[&amp;quot;Lambert_Conformal_Conic&amp;quot;],PARAMETER[&amp;quot;False_Easting&amp;quot;,1968500.0],PARAMETER[&amp;quot;False_Northing&amp;quot;,0.0],PARAMETER[&amp;quot;Central_Meridian&amp;quot;,-77.75],PARAMETER[&amp;quot;Standard_Parallel_1&amp;quot;,39.93333333333333],PARAMETER[&amp;quot;Standard_Parallel_2&amp;quot;,40.96666666666667],PARAMETER[&amp;quot;Latitude_Of_Origin&amp;quot;,39.33333333333334],UNIT[&amp;quot;Foot_US&amp;quot;,0.3048006096012192],AUTHORITY[&amp;quot;EPSG&amp;quot;,2272]]&lt;/WKT&gt;&lt;XOrigin&gt;-119214200&lt;/XOrigin&gt;&lt;YOrigin&gt;-96198500&lt;/YOrigin&gt;&lt;XYScale&gt;37163717.489134133&lt;/XYScale&gt;&lt;ZOrigin&gt;-100000&lt;/ZOrigin&gt;&lt;ZScale&gt;10000&lt;/ZScale&gt;&lt;MOrigin&gt;-100000&lt;/MOrigin&gt;&lt;MScale&gt;10000&lt;/MScale&gt;&lt;XYTolerance&gt;0.0032808333333333331&lt;/XYTolerance&gt;&lt;ZTolerance&gt;0.001&lt;/ZTolerance&gt;&lt;MTolerance&gt;0.001&lt;/MTolerance&gt;&lt;HighPrecision&gt;true&lt;/HighPrecision&gt;&lt;WKID&gt;102729&lt;/WKID&gt;&lt;LatestWKID&gt;2272&lt;/LatestWKID&gt;&lt;/ProjectedCoordinateSystem&gt;</peXml></coordRef><lineage><Process ToolSource="c:\program files\arcgis\desktop10.2\ArcToolbox\Toolboxes\Data Management Tools.tbx\CopyFeatures" Date="20140707" Time="094950">CopyFeatures temp_layer C:\Users\abigail.poses\Desktop\School_Facilities\shapefile\temp\School_Facilities.shp # 0 0 0</Process><Process ToolSource="c:\program files\arcgis\desktop10.2\ArcToolbox\Toolboxes\Data Management Tools.tbx\Project" Date="20140707" Time="094952">Project C:\Users\abigail.poses\Desktop\School_Facilities\shapefile\temp\School_Facilities.shp C:\Users\abigail.poses\Desktop\School_Facilities\shapefile\School_Facilities.shp GEOGCS['GCS_WGS_1984',DATUM['D_WGS_1984',SPHEROID['WGS_1984',6378137.0,298.257223563]],PRIMEM['Greenwich',0.0],UNIT['Degree',0.0174532925199433],METADATA['World',-180.0,-90.0,180.0,90.0,0.0,0.0174532925199433,0.0,1262]] WGS_1984_(ITRF00)_To_NAD_1983 PROJCS['NAD_1983_StatePlane_Pennsylvania_South_FIPS_3702_Feet',GEOGCS['GCS_North_American_1983',DATUM['D_North_American_1983',SPHEROID['GRS_1980',6378137.0,298.257222101]],PRIMEM['Greenwich',0.0],UNIT['Degree',0.0174532925199433]],PROJECTION['Lambert_Conformal_Conic'],PARAMETER['False_Easting',1968500.0],PARAMETER['False_Northing',0.0],PARAMETER['Central_Meridian',-77.75],PARAMETER['Standard_Parallel_1',39.93333333333333],PARAMETER['Standard_Parallel_2',40.96666666666667],PARAMETER['Latitude_Of_Origin',39.33333333333334],UNIT['Foot_US',0.3048006096012192]]</Process></lineage></DataProperties><SyncDate>20140707</SyncDate><SyncTime>09494900</SyncTime><ModDate>20140707</ModDate><ModTime>09494900</ModTime><CreaDate>20140707</CreaDate><CreaTime>09495200</CreaTime><ArcGISFormat>1.0</ArcGISFormat><SyncOnce>TRUE</SyncOnce></Esri></metadata>
