<?xml version="1.0" encoding="UTF-8"?>
<metadata xml:lang="en"><Esri><CreaDate>20140618</CreaDate><CreaTime>12221300</CreaTime><SyncOnce>FALSE</SyncOnce><SyncDate>20140618</SyncDate><SyncTime>12220500</SyncTime><ModDate>20140618</ModDate><ModTime>12220500</ModTime><DataProperties><lineage><Process ToolSource="D:\Program Files\ArcGIS\ArcToolbox\Toolboxes\Data Management Tools.tbx\CopyFeatures" Date="20100119" Time="153120" Name="" export="">CopyFeatures R:\latest\covers\divsn\polygon R:\latest\shapes\PoliticalDists\divsn_polygon.shp # 0 0 0</Process><Process ToolSource="D:\Program Files\ArcGIS\ArcToolbox\Toolboxes\Data Management Tools.tbx\CopyFeatures" Date="20100120" Time="100952" Name="" export="">CopyFeatures R:\latest\shapes\PoliticalDists\divsn_polygon.shp "R:\latest\shapes\PoliticalDists\New Personal Geodatabase.mdb\divsn_polygon" # 0 0 0</Process><Process ToolSource="D:\Program Files\ArcGIS\ArcToolbox\Toolboxes\Conversion Tools.tbx\FeatureClassToFeatureClass" Date="20110412" Time="141841" Name="" export="">FeatureClassToFeatureClass R:\latest\shapes\PoliticalDists\Divisions.mdb\divsn_polygon "Database Connections\admin.sde" Divisions_REVISED11 # "AREA 'AREA' true true false 8 Double 0 0 ,First,#,R:\latest\shapes\PoliticalDists\Divisions.mdb\divsn_polygon,AREA,-1,-1;PERIMETER 'PERIMETER' true true false 8 Double 0 0 ,First,#,R:\latest\shapes\PoliticalDists\Divisions.mdb\divsn_polygon,PERIMETER,-1,-1;DIVSN_ 'DIVSN_' true true false 4 Long 0 0 ,First,#,R:\latest\shapes\PoliticalDists\Divisions.mdb\divsn_polygon,DIVSN_,-1,-1;DIVSN_ID 'DIVSN_ID' true true false 4 Long 0 0 ,First,#,R:\latest\shapes\PoliticalDists\Divisions.mdb\divsn_polygon,DIVSN_ID,-1,-1;NAME2_ 'NAME2_' true true false 64 Text 0 0 ,First,#,R:\latest\shapes\PoliticalDists\Divisions.mdb\divsn_polygon,NAME2_,-1,-1;SHORTNUM 'SHORTNUM' true true false 2 Short 0 0 ,First,#,R:\latest\shapes\PoliticalDists\Divisions.mdb\divsn_polygon,SHORTNUM,-1,-1;Shape_Length 'Shape_Length' false true true 8 Double 0 0 ,First,#,R:\latest\shapes\PoliticalDists\Divisions.mdb\divsn_polygon,Shape_Length,-1,-1;Shape_Area 'Shape_Area' false true true 8 Double 0 0 ,First,#,R:\latest\shapes\PoliticalDists\Divisions.mdb\divsn_polygon,Shape_Area,-1,-1" # "Database Connections\admin.sde\GIS_PLANNING.Divisions_REVISED11"</Process><Process ToolSource="C:\Program Files (x86)\ArcGIS\Desktop10.0\ArcToolbox\Toolboxes\Data Management Tools.tbx\ChangePrivileges" Date="20121021" Time="122419" Name="" export="">ChangePrivileges 'Database Connections\dc_170.115.97.104_gis_planning.sde\GIS_PLANNING.Political_Divisions' gis_ulrs2 GRANT #</Process><Process ToolSource="d:\program files\arcgis\desktop10.0\ArcToolbox\Toolboxes\Conversion Tools.tbx\FeatureClassToFeatureClass" Date="20131023" Time="100737" Name="" export="">FeatureClassToFeatureClass "Database Connections\geodb2_viewer.sde\GIS_PLANNING.Political_Divisions" R:\Dharley\MISC.gdb Political_Divisions # "AREA "AREA" true true false 8 Double 8 38 ,First,#,Database Connections\geodb2_viewer.sde\GIS_PLANNING.Political_Divisions,GIS_PLANNING.Political_Divisions.AREA,-1,-1;PERIMETER "PERIMETER" true true false 8 Double 8 38 ,First,#,Database Connections\geodb2_viewer.sde\GIS_PLANNING.Political_Divisions,PERIMETER,-1,-1;DIVSN_ "DIVSN_" true true false 4 Long 0 10 ,First,#,Database Connections\geodb2_viewer.sde\GIS_PLANNING.Political_Divisions,DIVSN_,-1,-1;DIVSN_ID "DIVSN_ID" true true false 4 Long 0 10 ,First,#,Database Connections\geodb2_viewer.sde\GIS_PLANNING.Political_Divisions,DIVSN_ID,-1,-1;NAME2_ "NAME2_" true true false 64 Text 0 0 ,First,#,Database Connections\geodb2_viewer.sde\GIS_PLANNING.Political_Divisions,NAME2_,-1,-1;SHORTNUM "SHORTNUM" true true false 2 Short 0 5 ,First,#,Database Connections\geodb2_viewer.sde\GIS_PLANNING.Political_Divisions,SHORTNUM,-1,-1;SHAPE_AREA "SHAPE_AREA" false false true 0 Double 0 0 ,First,#,Database Connections\geodb2_viewer.sde\GIS_PLANNING.Political_Divisions,SHAPE.AREA,-1,-1;SHAPE_LEN "SHAPE_LEN" false false true 0 Double 0 0 ,First,#,Database Connections\geodb2_viewer.sde\GIS_PLANNING.Political_Divisions,SHAPE.LEN,-1,-1" #</Process><Process ToolSource="d:\program files\arcgis\desktop10.0\ArcToolbox\Toolboxes\Conversion Tools.tbx\FeatureClassToFeatureClass" Date="20131024" Time="122430" Name="" export="">FeatureClassToFeatureClass R:\Dharley\MISC.gdb\Political_Divisions R:\latest\shapes\PoliticalDists\Political_Divisions.mdb Political_Divisions # "AREA "AREA" true true false 8 Double 0 0 ,First,#,R:\Dharley\MISC.gdb\Political_Divisions,AREA,-1,-1;PERIMETER "PERIMETER" true true false 8 Double 0 0 ,First,#,R:\Dharley\MISC.gdb\Political_Divisions,PERIMETER,-1,-1;DIVSN_ "DIVSN_" true true false 4 Long 0 0 ,First,#,R:\Dharley\MISC.gdb\Political_Divisions,DIVSN_,-1,-1;DIVSN_ID "DIVSN_ID" true true false 4 Long 0 0 ,First,#,R:\Dharley\MISC.gdb\Political_Divisions,DIVSN_ID,-1,-1;NAME2_ "NAME2_" true true false 64 Text 0 0 ,First,#,R:\Dharley\MISC.gdb\Political_Divisions,NAME2_,-1,-1;SHORTNUM "SHORTNUM" true true false 2 Short 0 0 ,First,#,R:\Dharley\MISC.gdb\Political_Divisions,SHORTNUM,-1,-1;Shape_Length "Shape_Length" false true true 8 Double 0 0 ,First,#,R:\Dharley\MISC.gdb\Political_Divisions,Shape_Length,-1,-1;Shape_Area "Shape_Area" false true true 8 Double 0 0 ,First,#,R:\Dharley\MISC.gdb\Political_Divisions,Shape_Area,-1,-1" #</Process><Process ToolSource="d:\program files\arcgis\desktop10.0\ArcToolbox\Toolboxes\Conversion Tools.tbx\FeatureClassToFeatureClass" Date="20140219" Time="162503" Name="" export="">FeatureClassToFeatureClass R:\latest\shapes\PoliticalDists\Political_Divisions.mdb\Political_Divisions R:\latest\shapes\PoliticalDists\Political_Divisions.mdb Political_Divisions_2014 # "AREA "AREA" true true false 8 Double 0 0 ,First,#,R:\latest\shapes\PoliticalDists\Political_Divisions.mdb\Political_Divisions,AREA,-1,-1;PERIMETER "PERIMETER" true true false 8 Double 0 0 ,First,#,R:\latest\shapes\PoliticalDists\Political_Divisions.mdb\Political_Divisions,PERIMETER,-1,-1;DIVSN_ "DIVSN_" true true false 4 Long 0 0 ,First,#,R:\latest\shapes\PoliticalDists\Political_Divisions.mdb\Political_Divisions,DIVSN_,-1,-1;DIVSN_ID "DIVSN_ID" true true false 4 Long 0 0 ,First,#,R:\latest\shapes\PoliticalDists\Political_Divisions.mdb\Political_Divisions,DIVSN_ID,-1,-1;NAME2_ "NAME2_" true true false 64 Text 0 0 ,First,#,R:\latest\shapes\PoliticalDists\Political_Divisions.mdb\Political_Divisions,NAME2_,-1,-1;SHORTNUM "SHORTNUM" true true false 2 Short 0 0 ,First,#,R:\latest\shapes\PoliticalDists\Political_Divisions.mdb\Political_Divisions,SHORTNUM,-1,-1;Shape_Length "Shape_Length" false true true 8 Double 0 0 ,First,#,R:\latest\shapes\PoliticalDists\Political_Divisions.mdb\Political_Divisions,Shape_Length,-1,-1;Shape_Area "Shape_Area" false true true 8 Double 0 0 ,First,#,R:\latest\shapes\PoliticalDists\Political_Divisions.mdb\Political_Divisions,Shape_Area,-1,-1" #</Process><Process ToolSource="d:\program files\arcgis\desktop10.2\ArcToolbox\Toolboxes\Data Management Tools.tbx\CalculateField" Date="20140324" Time="170506" Name="" export="">CalculateField DIVISION Division_Num [NAME2_] VB #</Process><Process ToolSource="c:\program files\arcgis\desktop10.2\ArcToolbox\Toolboxes\Data Management Tools.tbx\CopyFeatures" Date="20140618" Time="122205">CopyFeatures temp_layer C:\Users\abigail.poses\Desktop\Political_Divisions\shapefile\temp\Political_Divisions.shp # 0 0 0</Process><Process ToolSource="c:\program files\arcgis\desktop10.2\ArcToolbox\Toolboxes\Data Management Tools.tbx\Project" Date="20140618" Time="122213">Project C:\Users\abigail.poses\Desktop\Political_Divisions\shapefile\temp\Political_Divisions.shp C:\Users\abigail.poses\Desktop\Political_Divisions\shapefile\Political_Divisions.shp GEOGCS['GCS_WGS_1984',DATUM['D_WGS_1984',SPHEROID['WGS_1984',6378137.0,298.257223563]],PRIMEM['Greenwich',0.0],UNIT['Degree',0.0174532925199433],METADATA['World',-180.0,-90.0,180.0,90.0,0.0,0.0174532925199433,0.0,1262]] WGS_1984_(ITRF00)_To_NAD_1983 PROJCS['NAD_1983_StatePlane_Pennsylvania_South_FIPS_3702_Feet',GEOGCS['GCS_North_American_1983',DATUM['D_North_American_1983',SPHEROID['GRS_1980',6378137.0,298.257222101]],PRIMEM['Greenwich',0.0],UNIT['Degree',0.0174532925199433]],PROJECTION['Lambert_Conformal_Conic'],PARAMETER['False_Easting',1968500.0],PARAMETER['False_Northing',0.0],PARAMETER['Central_Meridian',-77.75],PARAMETER['Standard_Parallel_1',39.93333333333333],PARAMETER['Standard_Parallel_2',40.96666666666667],PARAMETER['Latitude_Of_Origin',39.33333333333334],UNIT['Foot_US',0.3048006096012192]]</Process></lineage><itemProps><itemName Sync="TRUE">Political_Divisions</itemName><nativeExtBox><westBL Sync="TRUE">2660574.997010</westBL><eastBL Sync="TRUE">2750114.654544</eastBL><southBL Sync="TRUE">204817.066012</southBL><northBL Sync="TRUE">304942.427440</northBL><exTypeCode Sync="TRUE">1</exTypeCode></nativeExtBox><itemLocation><linkage Sync="TRUE">file://\\OIT-L-JC1GSY1\C$\Users\abigail.poses\Desktop\Political_Divisions\shapefile\temp\Political_Divisions.shp</linkage><protocol Sync="TRUE">Local Area Network</protocol></itemLocation><imsContentType Sync="TRUE">002</imsContentType><itemSize Sync="TRUE">0.000</itemSize></itemProps><coordRef><type Sync="TRUE">Projected</type><geogcsn Sync="TRUE">GCS_North_American_1983</geogcsn><csUnits Sync="TRUE">Linear Unit: Foot_US (0.304801)</csUnits><projcsn Sync="TRUE">NAD_1983_StatePlane_Pennsylvania_South_FIPS_3702_Feet</projcsn><peXml Sync="TRUE">&lt;ProjectedCoordinateSystem xsi:type='typens:ProjectedCoordinateSystem' xmlns:xsi='http://www.w3.org/2001/XMLSchema-instance' xmlns:xs='http://www.w3.org/2001/XMLSchema' xmlns:typens='http://www.esri.com/schemas/ArcGIS/10.1'&gt;&lt;WKT&gt;PROJCS[&amp;quot;NAD_1983_StatePlane_Pennsylvania_South_FIPS_3702_Feet&amp;quot;,GEOGCS[&amp;quot;GCS_North_American_1983&amp;quot;,DATUM[&amp;quot;D_North_American_1983&amp;quot;,SPHEROID[&amp;quot;GRS_1980&amp;quot;,6378137.0,298.257222101]],PRIMEM[&amp;quot;Greenwich&amp;quot;,0.0],UNIT[&amp;quot;Degree&amp;quot;,0.0174532925199433]],PROJECTION[&amp;quot;Lambert_Conformal_Conic&amp;quot;],PARAMETER[&amp;quot;False_Easting&amp;quot;,1968500.0],PARAMETER[&amp;quot;False_Northing&amp;quot;,0.0],PARAMETER[&amp;quot;Central_Meridian&amp;quot;,-77.75],PARAMETER[&amp;quot;Standard_Parallel_1&amp;quot;,39.93333333333333],PARAMETER[&amp;quot;Standard_Parallel_2&amp;quot;,40.96666666666667],PARAMETER[&amp;quot;Latitude_Of_Origin&amp;quot;,39.33333333333334],UNIT[&amp;quot;Foot_US&amp;quot;,0.3048006096012192],AUTHORITY[&amp;quot;EPSG&amp;quot;,2272]]&lt;/WKT&gt;&lt;XOrigin&gt;-119214200&lt;/XOrigin&gt;&lt;YOrigin&gt;-96198500&lt;/YOrigin&gt;&lt;XYScale&gt;37163717.489134133&lt;/XYScale&gt;&lt;ZOrigin&gt;-100000&lt;/ZOrigin&gt;&lt;ZScale&gt;10000&lt;/ZScale&gt;&lt;MOrigin&gt;-100000&lt;/MOrigin&gt;&lt;MScale&gt;10000&lt;/MScale&gt;&lt;XYTolerance&gt;0.0032808333333333331&lt;/XYTolerance&gt;&lt;ZTolerance&gt;0.001&lt;/ZTolerance&gt;&lt;MTolerance&gt;0.001&lt;/MTolerance&gt;&lt;HighPrecision&gt;true&lt;/HighPrecision&gt;&lt;WKID&gt;102729&lt;/WKID&gt;&lt;LatestWKID&gt;2272&lt;/LatestWKID&gt;&lt;/ProjectedCoordinateSystem&gt;</peXml></coordRef></DataProperties><ArcGISProfile>ItemDescription</ArcGISProfile><ArcGISFormat xmlns:esri="http://www.esri.com/metadata/">1.0</ArcGISFormat><scaleRange><minScale>150000000</minScale><maxScale>5000</maxScale></scaleRange></Esri><eainfo><detailed Name="Political_Divisions"><enttyp><enttypl Sync="TRUE">Political_Divisions</enttypl><enttypt Sync="TRUE">Feature Class</enttypt><enttypc Sync="TRUE">0</enttypc></enttyp><attr><attrlabl Sync="TRUE">FID</attrlabl><attalias Sync="TRUE">FID</attalias><attrtype Sync="TRUE">OID</attrtype><attwidth Sync="TRUE">4</attwidth><atprecis Sync="TRUE">0</atprecis><attscale Sync="TRUE">0</attscale><attrdef Sync="TRUE">Internal feature number.</attrdef><attrdefs Sync="TRUE">Esri</attrdefs><attrdomv><udom Sync="TRUE">Sequential unique whole numbers that are automatically generated.</udom></attrdomv></attr><attr><attrlabl Sync="TRUE">Shape</attrlabl><attalias Sync="TRUE">Shape</attalias><attrtype Sync="TRUE">Geometry</attrtype><attwidth Sync="TRUE">0</attwidth><atprecis Sync="TRUE">0</atprecis><attscale Sync="TRUE">0</attscale><attrdef Sync="TRUE">Feature geometry.</attrdef><attrdefs Sync="TRUE">ESRI</attrdefs><attrdomv><udom Sync="TRUE">Coordinates defining the features.</udom></attrdomv></attr><attr><attrlabl Sync="TRUE">SHORT_DIV_</attrlabl><attalias Sync="TRUE">SHORT_DIV_</attalias><attrtype Sync="TRUE">String</attrtype><attwidth Sync="TRUE">2</attwidth><atprecis Sync="TRUE">0</atprecis><attscale Sync="TRUE">0</attscale></attr><attr><attrlabl Sync="TRUE">DIVISION_N</attrlabl><attalias Sync="TRUE">DIVISION_N</attalias><attrtype Sync="TRUE">String</attrtype><attwidth Sync="TRUE">254</attwidth><atprecis Sync="TRUE">0</atprecis><attscale Sync="TRUE">0</attscale></attr><attr><attrlabl Sync="TRUE">SHAPE_AREA</attrlabl><attalias Sync="TRUE">SHAPE_AREA</attalias><attrtype Sync="TRUE">Double</attrtype><attwidth Sync="TRUE">19</attwidth><atprecis Sync="TRUE">0</atprecis><attscale Sync="TRUE">0</attscale><attrdef Sync="TRUE">Area of feature in internal units squared.</attrdef><attrdefs Sync="TRUE">Esri</attrdefs><attrdomv><udom Sync="TRUE">Positive real numbers that are automatically generated.</udom></attrdomv></attr><attr><attrlabl Sync="TRUE">SHAPE_LEN</attrlabl><attalias Sync="TRUE">SHAPE_LEN</attalias><attrtype Sync="TRUE">Double</attrtype><attwidth Sync="TRUE">19</attwidth><atprecis Sync="TRUE">0</atprecis><attscale Sync="TRUE">0</attscale></attr></detailed></eainfo><dataIdInfo><idPurp>A Political Division is a subdivision of a Political Ward. Each ward contains no fewer than 10 and no more than 50 divisions. 

- Features updated:  3/24/2014
- Attributes updated: 3/31/2014
- Metadata updated:  3/31/2014
- Update Frequency: as needed
</idPurp><idAbs>&lt;DIV STYLE="text-align:Left;"&gt;&lt;DIV&gt;&lt;DIV&gt;&lt;P&gt;&lt;SPAN&gt;Each ward contains no fewer than 10 and no more than 50 divisions. Ward leaders are elected by their party's committeepeople. Learn more about Democratic Ward Leaders and Committeepeople : http://www.seventy.org/Resources_Ward_Leaders_and_Committeepeople.aspx&lt;/SPAN&gt;&lt;/P&gt;&lt;P&gt;&lt;SPAN&gt;Only use Attribute Field Short_Div_Num for labeling when Wards layer is on the map too. If Wards layer is not on map then use Division_Num field for labeling. As this field truely identifies the division number.&lt;/SPAN&gt;&lt;/P&gt;&lt;P&gt;&lt;SPAN /&gt;&lt;/P&gt;&lt;UL STYLE="margin:0 0 0 0;padding:0 0 0 0;"&gt;&lt;LI&gt;&lt;UL STYLE="margin:0 0 0 0;padding:0 0 0 0;"&gt;&lt;LI&gt;&lt;P&gt;&lt;SPAN&gt;Projection: Lambert Conformal Conic&lt;/SPAN&gt;&lt;/P&gt;&lt;/LI&gt;&lt;/UL&gt;&lt;P&gt;&lt;SPAN&gt;&lt;SPAN&gt;XY Coordinate System: NAD 1983 StatePlane Pennsylvania South FIPS 3702 (US Feet)&lt;/SPAN&gt;&lt;/SPAN&gt;&lt;/P&gt;&lt;P&gt;&lt;SPAN&gt;&lt;SPAN&gt;Datum: NAD 1983&lt;/SPAN&gt;&lt;/SPAN&gt;&lt;/P&gt;&lt;P&gt;&lt;SPAN&gt;Units of Measurement: Foot_US&lt;/SPAN&gt;&lt;/P&gt;&lt;/LI&gt;&lt;/UL&gt;&lt;/DIV&gt;&lt;/DIV&gt;&lt;/DIV&gt;</idAbs><idCredit>GIS Staff member maintaining layer is Dolores Harley
Philadelphia City Planning Commission
1515 Arch Street, 13 Fl, Philadelphia, PA  19102
(Staff   215 683 4661, email dolores.harley@phila.gov 
GIS Manager: Darshna Patel (215) 683-4611 and darshna.patel@phila.gov
</idCredit><idCitation><resTitle>Political Divisions</resTitle><presForm><PresFormCd value="005" Sync="TRUE"/></presForm></idCitation><searchKeys><keyword>planning</keyword><keyword>city planning</keyword><keyword>PCPC</keyword><keyword>Philadelphia</keyword><keyword>City of Philadelphia</keyword><keyword>Political Divisiions</keyword><keyword>Divisions</keyword></searchKeys><resConst><Consts><useLimit>&lt;DIV STYLE="text-align:Left;"&gt;&lt;DIV&gt;&lt;DIV&gt;&lt;P STYLE="margin:0 0 0 0;"&gt;&lt;SPAN&gt;The City of Philadelphia reserves all rights in the GIS database and any data contained therein, and the end user’s use of the data does not constitute a transfer of, nor does the end user receive, any title or interest in the database or any other City data. The City of Philadelphia makes no representation about the accuracy of any specific information in this GIS data and is provided “as is” and without Warranty of any kind. The user of this data will assume complete responsibility for any and all occurrences resulting from its use or display and will hold the City of Philadelphia harmless from any and all claims, demands, liabilities, obligations, damages, suits, judgments or settlements, including reasonable costs and attorneys' fees, that arise from use of this data.&lt;/SPAN&gt;&lt;/P&gt;&lt;P /&gt;&lt;/DIV&gt;&lt;/DIV&gt;&lt;/DIV&gt;</useLimit></Consts></resConst><envirDesc Sync="TRUE">Microsoft Windows 7 Version 6.1 (Build 7601) Service Pack 1; Esri ArcGIS 10.2.1.3497</envirDesc><dataLang><languageCode value="eng" Sync="TRUE"/><countryCode value="USA" Sync="TRUE"/></dataLang><spatRpType><SpatRepTypCd value="001" Sync="TRUE"/></spatRpType><dataExt><geoEle xmlns=""><GeoBndBox esriExtentType="search"><exTypeCode Sync="TRUE">1</exTypeCode><westBL Sync="TRUE">-75.284151</westBL><eastBL Sync="TRUE">-74.954032</eastBL><northBL Sync="TRUE">40.143797</northBL><southBL Sync="TRUE">39.861743</southBL></GeoBndBox></geoEle></dataExt></dataIdInfo><mdLang><languageCode value="eng" Sync="TRUE"/><countryCode value="USA" Sync="TRUE"/></mdLang><distInfo><distFormat><formatName Sync="TRUE">Shapefile</formatName></distFormat><distTranOps><transSize Sync="TRUE">0.000</transSize></distTranOps></distInfo><mdHrLv><ScopeCd value="005" Sync="TRUE"/></mdHrLv><mdHrLvName Sync="TRUE">dataset</mdHrLvName><refSysInfo><RefSystem><refSysID><identCode code="2272" Sync="TRUE" value="2272"/><idCodeSpace Sync="TRUE">EPSG</idCodeSpace><idVersion Sync="TRUE">8.2.6</idVersion></refSysID></RefSystem></refSysInfo><spatRepInfo><VectSpatRep><geometObjs Name="Political_Divisions"><geoObjTyp><GeoObjTypCd value="002" Sync="TRUE"></GeoObjTypCd></geoObjTyp><geoObjCnt Sync="TRUE">0</geoObjCnt></geometObjs><topLvl><TopoLevCd value="001" Sync="TRUE"></TopoLevCd></topLvl></VectSpatRep></spatRepInfo><spdoinfo><ptvctinf><esriterm Name="Political_Divisions"><efeatyp Sync="TRUE">Simple</efeatyp><efeageom code="4" Sync="TRUE"></efeageom><esritopo Sync="TRUE">FALSE</esritopo><efeacnt Sync="TRUE">0</efeacnt><spindex Sync="TRUE">FALSE</spindex><linrefer Sync="TRUE">FALSE</linrefer></esriterm></ptvctinf></spdoinfo><mdDateSt Sync="TRUE">20140618</mdDateSt></metadata>
